set	t_s	kind	node	sensor	note	ch	vel_emitted	dt_ms
pp	0.05452871322631836	ON	4	7	G4(67)	2	114	8.3
pp	0.05454587936401367	ON	2	7	G4(67)	3	115	6.6
pp	0.05455374717712402	ON	4	4	E4(64)	2	80	56.6
pp	0.16221857070922852	ON	2	4	E4(64)	3	91	34.9
pp	0.6366667747497559	ON	3	19	C3(48)	2	75	201.5
pp	0.689887523651123	ON	1	19	C3(48)	3	100	23.3
pp	0.6898996829986572	OFF	1	19	C3(48)	3	94	29.9
pp	0.958244800567627	ON	3	14	G2(43)	2	107	14.9
pp	0.9582548141479492	ON	1	14	G2(43)	3	109	13.3
pp	1.4897058010101318	ON	3	11	E2(40)	2	91	34.9
pp	2.0753448009490967	OFF	2	7	G4(67)	3	75	2359.0
pp	2.0753579139709473	OFF	2	4	E4(64)	3	75	1910.9
pp	2.1276259422302246	OFF	4	4	E4(64)	2	91	34.9
pp	2.127635955810547	OFF	4	7	G4(67)	2	75	319.8
pp	2.180630683898926	OFF	2	12	C5(72)	3	75	2780.5
pp	2.1806397438049316	OFF	4	12	C5(72)	2	91	34.9
pp	2.336512565612793	OFF	3	19	C3(48)	2	75	1147.8
pp	2.3365225791931152	OFF	3	11	E2(40)	2	75	866.3
pp	2.388051748275757	OFF	1	14	G2(43)	3	75	276.5
pp	2.3880977630615234	OFF	3	14	G2(43)	2	93	31.6
pp	4.317206621170044	ON	4	12	C5(72)	2	96	28.3
pp	4.735721826553345	ON	4	7	G4(67)	2	115	4.9
pp	5.063043832778931	ON	4	4	E4(64)	2	78	64.9
pp	5.385350704193115	ON	3	26	G3(55)	2	98	24.9
pp	5.70312762260437	ON	3	23	E3(52)	2	115	6.6
pp	6.077589750289917	ON	3	19	C3(48)	2	115	6.6
pp	6.456044673919678	ON	3	14	G2(43)	2	93	31.6
pp	7.788171768188477	OFF	3	19	C3(48)	2	75	1704.3
pp	7.78818154335022	OFF	4	12	C5(72)	2	94	29.9
pp	7.7881858348846436	OFF	4	7	G4(67)	2	75	154.9
pp	7.788189888000488	OFF	3	14	G2(43)	2	90	36.6
pp	7.840056657791138	OFF	3	23	E3(52)	2	77	68.3
pp	7.8400657176971436	OFF	3	26	G3(55)	2	89	38.3
pp	7.890902757644653	OFF	4	4	E4(64)	2	96	28.3
pp	8.15861988067627	ON	3	26	G3(55)	2	89	38.3
pp	8.318298816680908	ON	4	12	C5(72)	2	84	48.3
pp	8.525556802749634	ON	4	9	A4(69)	2	104	18.3
pp	8.577260732650757	ON	3	23	E3(52)	2	115	6.6
pp	8.685524940490723	ON	3	19	C3(48)	2	115	4.9
pp	8.736380815505981	ON	4	7	G4(67)	2	115	3.3
pp	8.89950180053711	ON	3	14	G2(43)	2	91	34.9
pp	8.953200817108154	ON	4	4	E4(64)	2	98	24.9
pp	9.757702827453613	OFF	3	19	C3(48)	2	75	1046.2
pp	9.808284759521484	OFF	3	14	G2(43)	2	85	44.9
pp	9.808294773101807	OFF	4	7	G4(67)	2	75	83.3
pp	9.808298587799072	OFF	3	23	E3(52)	2	79	59.9
pp	9.8083016872406	OFF	4	12	C5(72)	2	106	16.6
pp	9.808303833007812	OFF	4	9	A4(69)	2	103	19.9
pp	9.80830693244934	OFF	4	4	E4(64)	2	103	19.9
pp	9.863427639007568	OFF	3	26	G3(55)	2	98	24.9
ff	19.70311188697815	ON	2	12	C5(72)	3	115	6.6
ff	19.703128814697266	ON	2	4	E4(64)	3	115	6.6
ff	19.70313787460327	ON	1	7	C2(36)	3	115	1.6
ff	19.7031409740448	ON	1	19	C3(48)	3	115	1.6
ff	19.703144073486328	ON	1	18	B2(47)	3	115	4.9
ff	19.80976176261902	OFF	1	18	B2(47)	3	76	74.9
ff	20.02442502975464	OFF	1	7	C2(36)	3	109	13.3
ff	20.02443504333496	OFF	2	12	C5(72)	3	98	24.9
ff	20.024436950683594	OFF	2	4	E4(64)	3	92	33.3
ff	20.024439811706543	OFF	1	19	C3(48)	3	107	14.9
ff	20.495562076568604	ON	2	5	F4(65)	3	114	8.3
ff	20.548682689666748	ON	2	9	A4(69)	3	75	181.5
ff	20.5486958026886	ON	1	24	F3(53)	3	115	3.3
ff	20.655519008636475	OFF	2	9	A4(69)	3	97	26.6
ff	20.65552806854248	OFF	2	5	F4(65)	3	98	24.9
ff	20.655531883239746	OFF	1	24	F3(53)	3	97	26.6
ff	20.65553379058838	ON	2	9	A4(69)	3	115	4.9
ff	20.655536890029907	ON	2	5	F4(65)	3	115	4.9
ff	20.708459854125977	ON	1	24	F3(53)	3	115	4.9
ff	20.758819818496704	OFF	2	9	A4(69)	3	104	18.3
ff	20.75882887840271	OFF	2	5	F4(65)	3	101	21.6
ff	20.812297105789185	OFF	1	24	F3(53)	3	100	23.3
ff	20.81230902671814	ON	2	5	F4(65)	3	115	4.9
ff	20.812314987182617	ON	2	9	A4(69)	3	98	24.9
ff	20.866402864456177	ON	1	24	F3(53)	3	115	4.9
ff	20.920450925827026	OFF	2	9	A4(69)	3	100	23.3
ff	20.920464038848877	OFF	2	5	F4(65)	3	100	23.3
ff	20.97162890434265	ON	2	9	A4(69)	3	115	6.6
ff	20.971638917922974	ON	2	5	F4(65)	3	115	3.3
ff	20.971642017364502	ON	2	0	C4(60)	3	111	11.6
ff	21.1820068359375	OFF	1	24	F3(53)	3	92	33.3
ff	21.18201994895935	OFF	2	0	C4(60)	3	75	211.5
ff	21.237179040908813	OFF	2	9	A4(69)	3	96	28.3
ff	21.291553735733032	OFF	2	5	F4(65)	3	86	43.3
ff	22.406503915786743	ON	1	2	G1(31)	3	107	14.9
ff	22.461602926254272	OFF	1	2	G1(31)	3	78	66.6
ff	22.619680881500244	ON	1	28	A3(57)	3	115	6.6
ff	22.6196928024292	ON	2	7	G4(67)	3	115	3.3
ff	22.61969804763794	ON	2	5	F4(65)	3	114	8.3
ff	22.619701862335205	ON	1	2	G1(31)	3	115	4.9
ff	22.619704961776733	ON	1	14	G2(43)	3	115	3.3
ff	22.6700918674469	OFF	2	7	G4(67)	3	107	14.9
ff	22.670100927352905	OFF	2	5	F4(65)	3	97	26.6
ff	22.722163915634155	OFF	1	14	G2(43)	3	106	16.6
ff	22.72217297554016	OFF	1	28	A3(57)	3	92	33.3
ff	22.722175121307373	OFF	1	2	G1(31)	3	98	24.9
ff	22.774976015090942	ON	2	7	G4(67)	3	115	3.3
ff	22.774986028671265	ON	1	28	A3(57)	3	115	4.9
ff	22.774988889694214	ON	1	2	G1(31)	3	114	8.3
ff	22.774991989135742	ON	1	14	G2(43)	3	115	3.3
ff	22.827415943145752	OFF	2	7	G4(67)	3	103	19.9
ff	22.878684043884277	OFF	1	28	A3(57)	3	92	33.3
ff	22.878692865371704	OFF	1	14	G2(43)	3	98	24.9
ff	22.878698110580444	OFF	1	2	G1(31)	3	100	23.3
ff	22.92990279197693	ON	1	28	A3(57)	3	109	13.3
ff	22.929908990859985	ON	2	7	G4(67)	3	115	1.6
ff	22.929911851882935	ON	1	2	G1(31)	3	114	8.3
ff	22.929913997650146	ON	1	14	G2(43)	3	115	1.6
ff	22.929916858673096	ON	2	3	D#4(63)	3	115	6.6
ff	22.981180906295776	OFF	2	3	D#4(63)	3	104	18.3
ff	22.981189966201782	OFF	2	7	G4(67)	3	107	14.9
ff	23.033336877822876	OFF	1	28	A3(57)	3	92	33.3
ff	23.033349990844727	OFF	1	14	G2(43)	3	88	39.9
ff	23.033353090286255	OFF	1	2	G1(31)	3	96	28.3
ff	23.086267948150635	ON	1	28	A3(57)	3	115	4.9
ff	23.0862820148468	ON	2	7	G4(67)	3	115	3.3
ff	23.086285829544067	ON	2	0	C4(60)	3	114	8.3
ff	23.086289882659912	ON	1	2	G1(31)	3	114	8.3
ff	23.086293697357178	ON	1	0	F1(29)	3	115	4.9
ff	23.086296796798706	ON	1	14	G2(43)	3	115	3.3
ff	23.08630108833313	ON	1	12	F2(41)	3	115	3.3
ff	23.138861894607544	OFF	1	12	F2(41)	3	112	9.9
ff	23.138871908187866	OFF	2	7	G4(67)	3	109	13.3
ff	23.138875007629395	OFF	2	0	C4(60)	3	77	69.9
ff	23.193110942840576	OFF	1	14	G2(43)	3	87	41.6
ff	23.193119049072266	OFF	1	28	A3(57)	3	94	29.9
ff	23.193121910095215	OFF	1	0	F1(29)	3	87	41.6
ff	23.193126916885376	OFF	1	2	G1(31)	3	97	26.6
ff	23.247941970825195	ON	2	7	G4(67)	3	115	3.3
ff	23.247951984405518	ON	1	28	A3(57)	3	112	9.9
ff	23.247955083847046	ON	1	2	G1(31)	3	115	6.6
ff	23.247957706451416	ON	1	14	G2(43)	3	115	4.9
ff	23.30087900161743	OFF	2	7	G4(67)	3	109	13.3
ff	23.35267686843872	OFF	1	14	G2(43)	3	103	19.9
ff	23.352689027786255	OFF	1	28	A3(57)	3	91	34.9
ff	23.3526930809021	OFF	1	2	G1(31)	3	94	29.9
ff	23.404427766799927	ON	1	2	G1(31)	3	104	18.3
ff	23.40443778038025	ON	2	7	G4(67)	3	115	1.6
ff	23.404440879821777	ON	1	28	A3(57)	3	115	6.6
ff	23.404444932937622	ON	1	14	G2(43)	3	115	3.3
ff	23.404447078704834	ON	2	0	C4(60)	3	111	11.6
ff	23.404449939727783	ON	2	3	D#4(63)	3	115	3.3
ff	23.459574937820435	OFF	2	3	D#4(63)	3	109	13.3
ff	23.728055953979492	OFF	1	2	G1(31)	3	94	29.9
ff	23.72806406021118	OFF	2	0	C4(60)	3	75	304.8
ff	23.72806692123413	OFF	2	7	G4(67)	3	96	28.3
ff	23.728068828582764	OFF	1	14	G2(43)	3	97	26.6
ff	23.728070974349976	OFF	1	28	A3(57)	3	85	44.9
ff	24.154741048812866	ON	2	12	C5(72)	3	114	8.3
ff	24.154754877090454	ON	2	10	A#4(70)	3	115	6.6
ff	24.15476107597351	ON	2	8	G#4(68)	3	115	6.6
ff	24.15476679801941	ON	2	11	B4(71)	3	115	4.9
ff	24.15477204322815	ON	1	9	D2(38)	3	115	6.6
ff	24.209913969039917	ON	1	7	C2(36)	3	111	11.6
ff	24.20992398262024	ON	1	10	D#2(39)	3	114	8.3
ff	24.261352062225342	ON	1	21	D3(50)	3	115	4.9
ff	24.261362075805664	OFF	2	10	A#4(70)	3	96	28.3
ff	24.261364936828613	OFF	2	11	B4(71)	3	79	59.9
ff	24.261367797851562	ON	1	19	C3(48)	3	115	3.3
ff	24.26137685775757	OFF	2	8	G#4(68)	3	91	34.9
ff	24.261379957199097	OFF	2	12	C5(72)	3	90	36.6
ff	24.26138186454773	ON	1	16	A2(45)	3	104	18.3
ff	24.312533855438232	ON	1	14	G2(43)	3	85	44.9
ff	24.312541007995605	OFF	1	10	D#2(39)	3	75	118.2
ff	24.312544107437134	OFF	1	7	C2(36)	3	86	43.3
ff	24.312546968460083	ON	2	5	F4(65)	3	115	3.3
ff	24.312548875808716	ON	2	2	D4(62)	3	107	14.9
ff	24.363712072372437	ON	2	4	E4(64)	3	115	4.9
ff	24.36372208595276	ON	2	10	A#4(70)	3	112	9.9
ff	24.363725900650024	ON	2	12	C5(72)	3	111	11.6
ff	24.36372995376587	ON	2	8	G#4(68)	3	112	9.9
ff	24.363733053207397	ON	2	7	G4(67)	3	115	3.3
ff	24.363735914230347	OFF	1	9	D2(38)	3	96	28.3
ff	24.363739013671875	OFF	1	14	G2(43)	3	81	54.9
ff	24.363740921020508	OFF	1	16	A2(45)	3	76	73.3
ff	24.36374306678772	OFF	1	19	C3(48)	3	77	69.9
ff	24.41794991493225	OFF	2	7	G4(67)	3	111	11.6
ff	24.417958974838257	OFF	1	21	D3(50)	3	101	21.6
ff	24.522639989852905	OFF	2	4	E4(64)	3	91	34.9
ff	24.52265191078186	ON	1	23	E3(52)	3	115	3.3
ff	24.522655963897705	OFF	2	2	D4(62)	3	86	43.3
ff	24.52265977859497	ON	1	18	B2(47)	3	115	4.9
ff	24.5226628780365	OFF	2	5	F4(65)	3	93	31.6
ff	24.522667169570923	OFF	2	8	G#4(68)	3	81	54.9
ff	24.52267098426819	ON	1	17	A#2(46)	3	115	4.9
ff	24.522674083709717	ON	1	16	A2(45)	3	115	4.9
ff	24.52267599105835	ON	1	19	C3(48)	3	115	1.6
ff	24.5226788520813	ON	1	24	F3(53)	3	114	8.3
ff	24.52268099784851	ON	1	14	G2(43)	3	111	11.6
ff	24.52268385887146	OFF	2	10	A#4(70)	3	96	28.3
ff	24.572998046875	OFF	2	12	C5(72)	3	83	49.9
ff	24.573009967803955	ON	2	6	F#4(66)	3	115	3.3
ff	24.62654185295105	ON	2	2	D4(62)	3	104	18.3
ff	24.62654972076416	ON	2	4	E4(64)	3	112	9.9
ff	24.62655282020569	OFF	1	14	G2(43)	3	82	53.3
ff	24.626555919647217	OFF	1	19	C3(48)	3	109	13.3
ff	24.62656807899475	ON	2	8	G#4(68)	3	115	3.3
ff	24.62657070159912	ON	2	5	F4(65)	3	114	8.3
ff	24.626572847366333	ON	2	7	G4(67)	3	115	3.3
ff	24.626577854156494	ON	2	10	A#4(70)	3	115	3.3
ff	24.626580953598022	OFF	1	16	A2(45)	3	101	21.6
ff	24.626582860946655	ON	2	9	A4(69)	3	115	4.9
ff	24.62658381462097	OFF	1	18	B2(47)	3	93	31.6
ff	24.62676477432251	OFF	1	17	A#2(46)	3	103	19.9
ff	24.626767873764038	OFF	1	23	E3(52)	3	111	11.6
ff	24.62677001953125	ON	2	11	B4(71)	3	115	6.6
ff	24.67794179916382	OFF	1	24	F3(53)	3	75	83.3
ff	24.67794895172119	OFF	2	11	B4(71)	3	103	19.9
ff	24.67795205116272	OFF	2	7	G4(67)	3	112	9.9
ff	24.728193759918213	OFF	2	9	A4(69)	3	83	49.9
ff	24.728200912475586	OFF	2	5	F4(65)	3	89	38.3
ff	24.728203773498535	OFF	2	2	D4(62)	3	88	39.9
ff	24.728206872940063	OFF	2	6	F#4(66)	3	97	26.6
ff	24.728209018707275	OFF	2	8	G#4(68)	3	98	24.9
ff	24.728212118148804	OFF	2	4	E4(64)	3	93	31.6
ff	24.728214740753174	OFF	2	10	A#4(70)	3	97	26.6
ff	24.728216886520386	ON	1	23	E3(52)	3	115	0.0
ff	24.728219985961914	ON	1	22	D#3(51)	3	115	3.3
ff	24.728223085403442	ON	1	26	G3(55)	3	115	6.6
ff	24.728224754333496	ON	1	21	D3(50)	3	115	3.3
ff	24.728227853775024	ON	1	24	F3(53)	3	115	3.3
ff	24.728229999542236	ON	1	25	F#3(54)	3	115	3.3
ff	24.72823190689087	ON	1	28	A3(57)	3	115	6.6
ff	24.77842378616333	ON	1	20	C#3(49)	3	115	3.3
ff	24.7784321308136	ON	1	19	C3(48)	3	115	3.3
ff	24.77843475341797	OFF	1	19	C3(48)	3	115	1.6
ff	24.778437852859497	ON	2	8	G#4(68)	3	115	3.3
ff	24.828535795211792	ON	2	10	A#4(70)	3	115	1.6
ff	24.828542947769165	ON	2	5	F4(65)	3	112	9.9
ff	24.828545808792114	ON	2	9	A4(69)	3	115	3.3
ff	24.828548908233643	ON	2	4	E4(64)	3	112	9.9
ff	24.82855200767517	ON	2	13	C#5(73)	3	115	4.9
ff	24.82855486869812	OFF	1	21	D3(50)	3	101	21.6
ff	24.828556776046753	OFF	1	23	E3(52)	3	112	9.9
ff	24.82855987548828	ON	2	7	G4(67)	3	115	3.3
ff	24.82856297492981	ON	2	12	C5(72)	3	115	4.9
ff	24.82856512069702	OFF	1	20	C#3(49)	3	107	14.9
ff	24.82856774330139	ON	2	11	B4(71)	3	115	4.9
ff	24.828569889068604	ON	2	14	D5(74)	3	112	9.9
ff	24.828572988510132	OFF	1	22	D#3(51)	3	100	23.3
ff	24.828575134277344	OFF	1	24	F3(53)	3	91	34.9
ff	24.879453897476196	OFF	2	13	C#5(73)	3	111	11.6
ff	24.879459857940674	OFF	1	26	G3(55)	3	94	29.9
ff	24.879462003707886	OFF	1	28	A3(57)	3	89	38.3
ff	24.879465103149414	OFF	2	7	G4(67)	3	106	16.6
ff	24.879467010498047	OFF	1	25	F#3(54)	3	101	21.6
ff	24.87946891784668	OFF	2	11	B4(71)	3	101	21.6
ff	24.879470825195312	OFF	2	9	A4(69)	3	100	23.3
ff	24.879472970962524	OFF	2	14	D5(74)	3	98	24.9
ff	24.929824113845825	OFF	2	8	G#4(68)	3	104	18.3
ff	24.929831981658936	OFF	2	5	F4(65)	3	97	26.6
ff	24.929836750030518	OFF	2	4	E4(64)	3	92	33.3
ff	24.929839849472046	OFF	2	10	A#4(70)	3	101	21.6
ff	24.929842948913574	ON	1	29	A#3(58)	3	115	1.6
ff	24.929845809936523	OFF	2	12	C5(72)	3	79	61.6
ff	24.92984890937805	ON	1	27	G#3(56)	3	115	0.0
ff	24.929850816726685	ON	1	28	A3(57)	3	104	18.3
ff	24.929853916168213	ON	1	30	B3(59)	3	115	3.3
ff	24.929856777191162	ON	1	25	F#3(54)	3	86	43.3
ff	24.929858922958374	ON	1	26	G3(55)	3	115	6.6
ff	24.98045587539673	ON	1	24	F3(53)	3	107	14.9
ff	24.980468034744263	ON	2	2	D4(62)	3	114	8.3
ff	24.98047399520874	OFF	1	24	F3(53)	3	111	11.6
ff	24.980479955673218	OFF	1	25	F#3(54)	3	93	31.6
ff	24.98048496246338	OFF	1	28	A3(57)	3	106	16.6
ff	24.98048996925354	ON	2	10	A#4(70)	3	115	3.3
ff	24.980493783950806	ON	2	13	C#5(73)	3	115	3.3
ff	24.980499029159546	ON	2	12	C5(72)	3	115	1.6
ff	25.031060934066772	OFF	1	27	G#3(56)	3	114	8.3
ff	25.031067848205566	ON	2	11	B4(71)	3	115	1.6
ff	25.031070947647095	ON	2	14	D5(74)	3	115	3.3
ff	25.031072854995728	ON	2	9	A4(69)	3	115	4.9
ff	25.031075954437256	ON	2	7	G4(67)	3	115	1.6
ff	25.03107786178589	OFF	1	26	G3(55)	3	96	28.3
ff	25.031088829040527	OFF	1	29	A#3(58)	3	111	11.6
ff	25.03109097480774	OFF	1	30	B3(59)	3	87	41.6
ff	25.03109312057495	OFF	2	2	D4(62)	3	93	31.6
ff	25.08138394355774	OFF	2	9	A4(69)	3	109	13.3
ff	25.08139705657959	OFF	2	7	G4(67)	3	106	16.6
ff	25.081403970718384	OFF	2	11	B4(71)	3	109	13.3
ff	25.081408739089966	OFF	2	12	C5(72)	3	97	26.6
ff	25.081413984298706	ON	2	3	D#4(63)	3	115	0.0
ff	25.13514995574951	ON	2	1	C#4(61)	3	115	3.3
ff	25.135164976119995	OFF	2	13	C#5(73)	3	109	13.3
ff	25.13516879081726	OFF	2	10	A#4(70)	3	92	33.3
ff	25.13517189025879	ON	2	2	D4(62)	3	114	8.3
ff	25.135174989700317	ON	1	29	A#3(58)	3	115	4.9
ff	25.13517689704895	ON	2	4	E4(64)	3	115	4.9
ff	25.135178804397583	ON	1	30	B3(59)	3	115	6.6
ff	25.135180950164795	OFF	2	14	D5(74)	3	81	54.9
ff	25.135182857513428	ON	2	0	C4(60)	3	109	13.3
ff	25.18542981147766	OFF	2	0	C4(60)	3	94	29.9
ff	25.185441732406616	OFF	2	2	D4(62)	3	98	24.9
ff	25.185446977615356	OFF	2	4	E4(64)	3	101	21.6
ff	25.1854510307312	OFF	1	29	A#3(58)	3	111	11.6
ff	25.185456037521362	OFF	2	3	D#4(63)	3	112	9.9
ff	25.185460090637207	OFF	1	30	B3(59)	3	86	43.3
ff	25.185463905334473	ON	2	15	D#5(75)	3	115	0.0
ff	25.185467958450317	ON	2	13	C#5(73)	3	115	3.3
ff	25.185472011566162	ON	2	14	D5(74)	3	115	4.9
ff	25.18547487258911	ON	2	16	E5(76)	3	115	3.3
ff	25.185478925704956	ON	2	17	F5(77)	3	115	3.3
ff	25.185482025146484	ON	2	11	B4(71)	3	115	3.3
ff	25.185484886169434	ON	2	12	C5(72)	3	115	6.6
ff	25.23872399330139	OFF	2	1	C#4(61)	3	100	23.3
ff	25.238731861114502	OFF	2	11	B4(71)	3	106	16.6
ff	25.290952920913696	OFF	2	15	D#5(75)	3	107	14.9
ff	25.29096508026123	OFF	2	12	C5(72)	3	86	43.3
ff	25.290969848632812	ON	2	8	G#4(68)	3	115	3.3
ff	25.290975093841553	ON	2	6	F#4(66)	3	115	4.9
ff	25.290979862213135	OFF	2	17	F5(77)	3	78	66.6
ff	25.29098391532898	ON	2	7	G4(67)	3	115	1.6
ff	25.290987730026245	ON	2	9	A4(69)	3	115	4.9
ff	25.29099202156067	OFF	2	16	E5(76)	3	83	49.9
ff	25.290994882583618	OFF	2	13	C#5(73)	3	100	23.3
ff	25.290998935699463	OFF	2	14	D5(74)	3	79	61.6
ff	25.343333959579468	OFF	2	7	G4(67)	3	114	8.3
ff	25.34334707260132	OFF	2	9	A4(69)	3	103	19.9
ff	25.34334897994995	OFF	2	8	G#4(68)	3	103	19.9
ff	25.394412755966187	OFF	2	6	F#4(66)	3	89	38.3
ff	25.394421815872192	ON	2	18	F#5(78)	3	115	3.3
ff	25.39442491531372	ON	2	20	G#5(80)	3	115	3.3
ff	25.39442801475525	ON	2	17	F5(77)	3	115	3.3
ff	25.394429922103882	ON	2	21	A5(81)	3	115	4.9
ff	25.394432067871094	ON	2	19	G5(79)	3	115	0.0
ff	25.394433736801147	ON	2	14	D5(74)	3	115	6.6
ff	25.39443588256836	ON	2	16	E5(76)	3	115	6.6
ff	25.39443802833557	ON	2	23	B5(83)	3	115	4.9
ff	25.44544005393982	OFF	2	23	B5(83)	3	112	9.9
ff	25.445446968078613	OFF	2	19	G5(79)	3	111	11.6
ff	25.445449113845825	OFF	2	17	F5(77)	3	93	31.6
ff	25.445451736450195	ON	2	12	C5(72)	3	115	1.6
ff	25.49720573425293	ON	2	10	A#4(70)	3	115	4.9
ff	25.497217893600464	ON	2	11	B4(71)	3	115	0.0
ff	25.49722409248352	OFF	2	16	E5(76)	3	85	44.9
ff	25.497228860855103	OFF	2	18	F#5(78)	3	98	24.9
ff	25.49723505973816	ON	2	9	A4(69)	3	115	4.9
ff	25.49723982810974	OFF	2	20	G#5(80)	3	101	21.6
ff	25.497243881225586	OFF	2	21	A5(81)	3	96	28.3
ff	25.54742193222046	OFF	2	11	B4(71)	3	111	11.6
ff	25.547427892684937	OFF	2	9	A4(69)	3	94	29.9
ff	25.54744291305542	OFF	2	10	A#4(70)	3	100	23.3
ff	25.597776889801025	OFF	2	12	C5(72)	3	91	34.9
ff	25.597786903381348	ON	2	25	C#6(85)	3	115	3.3
ff	25.597790002822876	ON	2	22	A#5(82)	3	115	3.3
ff	25.597792863845825	ON	2	24	C6(84)	3	115	4.9
ff	25.597795963287354	ON	2	21	A5(81)	3	115	4.9
ff	25.597797870635986	ON	2	23	B5(83)	3	115	1.6
ff	25.597800970077515	ON	2	26	D6(86)	3	114	8.3
ff	25.597803115844727	OFF	2	14	D5(74)	3	77	68.3
ff	25.59780478477478	ON	2	19	G5(79)	3	115	3.3
ff	25.649311065673828	OFF	2	21	A5(81)	3	107	14.9
ff	25.649324893951416	OFF	2	23	B5(83)	3	112	9.9
ff	25.64933204650879	ON	2	14	D5(74)	3	115	3.3
ff	25.649338006973267	OFF	2	19	G5(79)	3	97	26.6
ff	25.649343013763428	ON	2	12	C5(72)	3	115	3.3
ff	25.64934778213501	ON	2	13	C#5(73)	3	115	1.6
ff	25.64935302734375	ON	2	9	A4(69)	3	115	3.3
ff	25.649357795715332	ON	2	11	B4(71)	3	115	1.6
ff	25.649366855621338	ON	2	7	G4(67)	3	115	3.3
ff	25.6493718624115	OFF	2	22	A#5(82)	3	93	31.6
ff	25.70048689842224	OFF	2	24	C6(84)	3	96	28.3
ff	25.70049786567688	OFF	2	7	G4(67)	3	115	6.6
ff	25.700500965118408	OFF	2	26	D6(86)	3	84	48.3
ff	25.700504779815674	OFF	2	25	C#6(85)	3	103	19.9
ff	25.752496004104614	OFF	2	11	B4(71)	3	112	9.9
ff	25.752501726150513	OFF	2	13	C#5(73)	3	104	18.3
ff	25.752503871917725	ON	2	29	F6(89)	3	115	4.9
ff	25.75252389907837	OFF	2	14	D5(74)	3	94	29.9
ff	25.75261402130127	ON	2	28	E6(88)	3	115	4.9
ff	25.752618074417114	OFF	2	12	C5(72)	3	94	29.9
ff	25.752620935440063	ON	2	27	D#6(87)	3	115	1.6
ff	25.752622842788696	ON	2	25	C#6(85)	3	115	4.9
ff	25.807154893875122	ON	2	21	A5(81)	3	112	9.9
ff	25.807164907455444	ON	2	26	D6(86)	3	112	9.9
ff	25.807168006896973	ON	2	24	C6(84)	3	93	31.6
ff	25.807169914245605	OFF	2	9	A4(69)	3	93	31.6
ff	25.858196020126343	OFF	2	21	A5(81)	3	96	28.3
ff	25.858206033706665	OFF	2	24	C6(84)	3	75	94.9
ff	25.91331386566162	OFF	2	26	D6(86)	3	82	53.3
ff	25.913341999053955	OFF	2	29	F6(89)	3	94	29.9
ff	25.913344860076904	OFF	2	25	C#6(85)	3	103	19.9
ff	25.913347959518433	OFF	2	27	D#6(87)	3	109	13.3
ff	25.913349866867065	OFF	2	28	E6(88)	3	93	31.6
ff	26.17885708808899	ON	1	8	C#2(37)	3	115	1.6
ff	26.178892850875854	ON	1	5	A#1(34)	3	115	1.6
ff	26.178895950317383	ON	1	6	B1(35)	3	115	1.6
ff	26.17889904975891	ON	1	9	D2(38)	3	115	3.3
ff	26.17890191078186	ON	1	7	C2(36)	3	115	1.6
ff	26.178902864456177	ON	1	12	F2(41)	3	115	6.6
ff	26.178905963897705	ON	1	11	E2(40)	3	115	1.6
ff	26.178907871246338	ON	1	4	A1(33)	3	114	8.3
ff	26.17891001701355	ON	1	3	G#1(32)	3	114	8.3
ff	26.23015570640564	OFF	1	11	E2(40)	3	115	3.3
ff	26.230164051055908	OFF	1	4	A1(33)	3	100	23.3
ff	26.230166912078857	ON	2	1	C#4(61)	3	115	3.3
ff	26.230170011520386	ON	2	3	D#4(63)	3	115	3.3
ff	26.23017191886902	OFF	1	3	G#1(32)	3	107	14.9
ff	26.23017406463623	OFF	1	12	F2(41)	3	82	51.6
ff	26.23017692565918	ON	2	2	D4(62)	3	112	9.9
ff	26.230177879333496	ON	2	4	E4(64)	3	111	11.6
ff	26.23017978668213	OFF	1	7	C2(36)	3	109	13.3
ff	26.281519889831543	OFF	1	5	A#1(34)	3	109	13.3
ff	26.28153085708618	OFF	1	9	D2(38)	3	97	26.6
ff	26.281534910202026	OFF	1	8	C#2(37)	3	111	11.6
ff	26.281537771224976	OFF	2	2	D4(62)	3	104	18.3
ff	26.281540870666504	OFF	1	6	B1(35)	3	97	26.6
ff	26.281543970108032	OFF	2	3	D#4(63)	3	106	16.6
ff	26.281546115875244	OFF	2	4	E4(64)	3	80	58.3
ff	26.334447860717773	OFF	2	1	C#4(61)	3	103	19.9
ff	26.33445692062378	ON	1	8	C#2(37)	3	115	1.6
ff	26.334460020065308	ON	1	9	D2(38)	3	107	14.9
ff	26.38785171508789	ON	1	5	A#1(34)	3	115	1.6
ff	26.387861013412476	ON	1	6	B1(35)	3	106	16.6
ff	26.38786482810974	ON	1	7	C2(36)	3	115	1.6
ff	26.38786792755127	ON	1	4	A1(33)	3	115	3.3
ff	26.387936115264893	ON	1	12	F2(41)	3	115	4.9
ff	26.387938976287842	ON	1	11	E2(40)	3	115	1.6
ff	26.387940883636475	ON	1	2	G1(31)	3	112	9.9
ff	26.387943029403687	OFF	1	11	E2(40)	3	115	3.3
ff	26.43921399116516	OFF	1	12	F2(41)	3	82	53.3
ff	26.439222812652588	ON	1	25	F#3(54)	3	115	6.6
ff	26.439225912094116	ON	1	29	A#3(58)	3	115	4.9
ff	26.43922996520996	OFF	1	7	C2(36)	3	112	9.9
ff	26.439233779907227	ON	1	26	G3(55)	3	114	8.3
ff	26.439236879348755	ON	1	27	G#3(56)	3	115	1.6
ff	26.439239978790283	ON	1	28	A3(57)	3	114	8.3
ff	26.439242839813232	OFF	1	4	A1(33)	3	97	26.6
ff	26.439244747161865	OFF	1	5	A#1(34)	3	109	13.3
ff	26.439247846603394	OFF	1	8	C#2(37)	3	111	11.6
ff	26.439250946044922	ON	1	30	B3(59)	3	106	16.6
ff	26.439253091812134	OFF	1	9	D2(38)	3	94	29.9
ff	26.439255952835083	OFF	1	6	B1(35)	3	98	24.9
ff	26.489372968673706	OFF	1	2	G1(31)	3	82	53.3
ff	26.489382028579712	OFF	1	25	F#3(54)	3	77	69.9
ff	26.48938488960266	OFF	1	27	G#3(56)	3	115	6.6
ff	26.489387035369873	OFF	1	30	B3(59)	3	79	61.6
ff	26.542011976242065	OFF	1	28	A3(57)	3	79	61.6
ff	26.54201889038086	OFF	1	26	G3(55)	3	86	43.3
ff	26.542020797729492	OFF	1	29	A#3(58)	3	107	14.9
ff	26.592108964920044	ON	1	5	A#1(34)	3	115	1.6
ff	26.592116117477417	ON	1	6	B1(35)	3	84	48.3
ff	26.592118740081787	ON	1	8	C#2(37)	3	115	1.6
ff	26.592120885849	ON	1	12	F2(41)	3	115	4.9
ff	26.59212303161621	ON	1	4	A1(33)	3	115	4.9
ff	26.592124938964844	ON	1	9	D2(38)	3	115	3.3
ff	26.592127084732056	ON	1	3	G#1(32)	3	115	4.9
ff	26.59212875366211	ON	1	7	C2(36)	3	115	3.3
ff	26.59213089942932	ON	1	11	E2(40)	3	115	1.6
ff	26.592132806777954	OFF	1	11	E2(40)	3	115	3.3
ff	26.64327573776245	OFF	1	9	D2(38)	3	96	28.3
ff	26.643287897109985	OFF	1	12	F2(41)	3	80	56.6
ff	26.643290996551514	OFF	1	3	G#1(32)	3	112	9.9
ff	26.643294095993042	ON	1	21	D3(50)	3	115	4.9
ff	26.643296718597412	OFF	1	7	C2(36)	3	107	14.9
ff	26.643298864364624	ON	1	19	C3(48)	3	115	3.3
ff	26.643301963806152	OFF	1	8	C#2(37)	3	109	13.3
ff	26.643303871154785	ON	1	23	E3(52)	3	115	4.9
ff	26.643306016921997	ON	1	24	F3(53)	3	114	8.3
ff	26.69474697113037	OFF	1	5	A#1(34)	3	107	14.9
ff	26.694755792617798	ON	1	22	D#3(51)	3	111	11.6
ff	26.694761037826538	OFF	1	4	A1(33)	3	93	31.6
ff	26.694764852523804	OFF	1	6	B1(35)	3	92	33.3
ff	26.69476890563965	OFF	1	22	D#3(51)	3	91	34.9
ff	26.694772005081177	OFF	1	23	E3(52)	3	106	16.6
ff	26.745487928390503	OFF	1	19	C3(48)	3	103	19.9
ff	26.745499849319458	OFF	1	21	D3(50)	3	94	29.9
ff	26.74550485610962	OFF	1	24	F3(53)	3	75	103.2
ff	26.797152757644653	ON	1	1	F#1(30)	3	115	3.3
ff	26.797161102294922	ON	1	0	F1(29)	3	115	3.3
ff	26.797163724899292	ON	1	2	G1(31)	3	115	4.9
ff	26.79716682434082	ON	1	5	A#1(34)	3	115	3.3
ff	26.79716992378235	ON	1	6	B1(35)	3	115	4.9
ff	26.79717206954956	ON	1	9	D2(38)	3	115	3.3
ff	26.79717493057251	ON	1	4	A1(33)	3	111	11.6
ff	26.847975969314575	OFF	1	4	A1(33)	3	103	19.9
ff	26.84798812866211	ON	1	16	A2(45)	3	115	3.3
ff	26.847993850708008	ON	1	17	A#2(46)	3	115	3.3
ff	26.847999095916748	ON	1	20	C#3(49)	3	115	3.3
ff	26.84800386428833	ON	1	21	D3(50)	3	115	4.9
ff	26.848007917404175	ON	1	18	B2(47)	3	115	4.9
ff	26.848012924194336	ON	1	19	C3(48)	3	115	6.6
ff	26.900463819503784	ON	1	23	E3(52)	3	115	6.6
ff	26.900471925735474	OFF	1	5	A#1(34)	3	111	11.6
ff	26.900475025177002	OFF	1	9	D2(38)	3	98	24.9
ff	26.90047788619995	OFF	1	0	F1(29)	3	101	21.6
ff	26.9004807472229	OFF	1	1	F#1(30)	3	107	14.9
ff	26.90048384666443	OFF	1	2	G1(31)	3	98	24.9
ff	26.90048599243164	OFF	1	6	B1(35)	3	98	24.9
ff	26.951380014419556	OFF	1	19	C3(48)	3	109	13.3
ff	26.951390027999878	OFF	1	18	B2(47)	3	88	39.9
ff	26.951410055160522	OFF	1	16	A2(45)	3	101	21.6
ff	26.95141577720642	OFF	1	17	A#2(46)	3	104	18.3
ff	27.004002809524536	OFF	1	20	C#3(49)	3	101	21.6
ff	27.004011154174805	OFF	1	23	E3(52)	3	77	69.9
ff	27.004013776779175	OFF	1	21	D3(50)	3	85	46.6
ff	28.765397787094116	ON	4	2	D4(62)	2	115	4.9
ff	28.81661605834961	ON	4	12	C5(72)	2	115	3.3
ff	28.81673502922058	ON	3	19	C3(48)	2	115	1.6
ff	28.816739797592163	ON	4	4	E4(64)	2	115	4.9
ff	28.81674289703369	ON	3	7	C2(36)	2	115	6.6
ff	28.81674599647522	ON	3	9	D2(38)	2	115	4.9
ff	28.816747903823853	OFF	4	4	E4(64)	2	106	16.6
ff	28.866874933242798	OFF	3	7	C2(36)	2	85	46.6
ff	28.866880893707275	OFF	3	9	D2(38)	2	107	14.9
ff	28.866883993148804	OFF	3	19	C3(48)	2	109	13.3
ff	28.866885900497437	OFF	4	12	C5(72)	2	106	16.6
ff	28.866888999938965	OFF	4	2	D4(62)	2	103	19.9
ff	28.91753888130188	ON	4	12	C5(72)	2	115	4.9
ff	28.91754698753357	ON	4	2	D4(62)	2	107	14.9
ff	28.972672700881958	ON	3	7	C2(36)	2	115	6.6
ff	28.97268271446228	ON	3	19	C3(48)	2	115	1.6
ff	29.02437472343445	OFF	3	19	C3(48)	2	111	11.6
ff	29.024385929107666	OFF	3	7	C2(36)	2	79	61.6
ff	29.0243878364563	OFF	4	12	C5(72)	2	107	14.9
ff	29.024390935897827	OFF	4	2	D4(62)	2	104	18.3
ff	29.075989723205566	ON	4	2	D4(62)	2	104	18.3
ff	29.07599902153015	ON	4	12	C5(72)	2	115	4.9
ff	29.127286911010742	ON	4	10	A#4(70)	2	115	4.9
ff	29.127296924591064	ON	3	7	C2(36)	2	114	8.3
ff	29.127298831939697	ON	3	19	C3(48)	2	115	1.6
ff	29.127301931381226	OFF	4	10	A#4(70)	2	114	8.3
ff	29.17930507659912	OFF	4	12	C5(72)	2	107	14.9
ff	29.17931079864502	OFF	4	2	D4(62)	2	107	14.9
ff	29.17931294441223	OFF	3	19	C3(48)	2	104	18.3
ff	29.179330825805664	OFF	3	7	C2(36)	2	89	38.3
ff	29.22979211807251	ON	4	12	C5(72)	2	115	4.9
ff	29.229803800582886	ON	4	2	D4(62)	2	115	3.3
ff	29.281053066253662	ON	3	19	C3(48)	2	115	1.6
ff	29.334009885787964	OFF	4	12	C5(72)	2	109	13.3
ff	29.334016799926758	OFF	4	2	D4(62)	2	106	16.6
ff	29.38443613052368	OFF	3	19	C3(48)	2	107	14.9
ff	29.384445905685425	ON	4	2	D4(62)	2	93	31.6
ff	29.436407804489136	ON	4	12	C5(72)	2	115	3.3
ff	29.43641996383667	ON	3	19	C3(48)	2	115	1.6
ff	29.436424016952515	ON	3	7	C2(36)	2	115	4.9
ff	29.43642783164978	ON	4	6	F#4(66)	2	115	4.9
ff	29.48718810081482	OFF	4	6	F#4(66)	2	107	14.9
ff	29.539140939712524	OFF	4	12	C5(72)	2	103	19.9
ff	29.594947814941406	OFF	4	2	D4(62)	2	101	21.6
ff	29.594958782196045	OFF	3	7	C2(36)	2	75	79.9
ff	29.64721703529358	OFF	3	19	C3(48)	2	78	64.9
ff	30.391915798187256	ON	3	28	A3(57)	2	115	3.3
ff	30.391925811767578	ON	4	7	G4(67)	2	115	1.6
ff	30.391928911209106	ON	3	14	G2(43)	2	115	1.6
ff	30.447057962417603	ON	3	0	F1(29)	2	115	4.9
ff	30.447065830230713	ON	3	2	G1(31)	2	115	3.3
ff	30.447069883346558	ON	3	12	F2(41)	2	115	1.6
ff	30.447072744369507	ON	3	3	G#1(32)	2	115	3.3
ff	30.498613119125366	OFF	4	7	G4(67)	2	115	6.6
ff	30.498624801635742	OFF	3	3	G#1(32)	2	115	6.6
ff	30.498628854751587	OFF	3	12	F2(41)	2	104	18.3
ff	30.498631954193115	OFF	3	14	G2(43)	2	107	14.9
ff	30.498636960983276	OFF	3	28	A3(57)	2	106	16.6
ff	30.49863886833191	OFF	3	0	F1(29)	2	103	19.9
ff	30.49864101409912	OFF	3	2	G1(31)	2	76	76.6
ff	30.54932999610901	ON	3	28	A3(57)	2	115	6.6
ff	30.549344778060913	ON	4	7	G4(67)	2	115	1.6
ff	30.599605083465576	ON	4	1	C#4(61)	2	115	4.9
ff	30.599617958068848	ON	3	14	G2(43)	2	115	1.6
ff	30.59962511062622	ON	3	2	G1(31)	2	114	8.3
ff	30.599629878997803	OFF	4	1	C#4(61)	2	100	23.3
ff	30.599634885787964	OFF	4	7	G4(67)	2	107	14.9
ff	30.652249813079834	OFF	3	28	A3(57)	2	103	19.9
ff	30.652259826660156	OFF	3	14	G2(43)	2	109	13.3
ff	30.703815937042236	OFF	3	2	G1(31)	2	103	19.9
ff	30.703829050064087	ON	3	2	G1(31)	2	100	23.3
ff	30.703852891921997	ON	4	7	G4(67)	2	115	1.6
ff	30.703857898712158	ON	3	28	A3(57)	2	115	4.9
ff	30.703863859176636	ON	3	14	G2(43)	2	115	4.9
ff	30.75404405593872	ON	3	3	G#1(32)	2	114	8.3
ff	30.754055976867676	OFF	4	7	G4(67)	2	112	9.9
ff	30.807520866394043	OFF	3	3	G#1(32)	2	101	21.6
ff	30.807531118392944	OFF	3	28	A3(57)	2	107	14.9
ff	30.807533979415894	OFF	3	14	G2(43)	2	104	18.3
ff	30.807536840438843	OFF	3	2	G1(31)	2	88	39.9
ff	30.858080863952637	ON	4	7	G4(67)	2	115	1.6
ff	30.858089923858643	ON	3	28	A3(57)	2	115	6.6
ff	30.858092784881592	ON	3	2	G1(31)	2	115	6.6
ff	30.85809588432312	ON	3	14	G2(43)	2	115	3.3
ff	30.858098030090332	ON	4	1	C#4(61)	2	114	8.3
ff	30.910659790039062	OFF	4	1	C#4(61)	2	103	19.9
ff	30.91066598892212	OFF	4	7	G4(67)	2	114	8.3
ff	30.91066884994507	OFF	3	28	A3(57)	2	107	14.9
ff	30.964374780654907	OFF	3	14	G2(43)	2	101	21.6
ff	30.96438479423523	OFF	3	2	G1(31)	2	106	16.6
ff	31.015723943710327	ON	3	28	A3(57)	2	115	1.6
ff	31.015738010406494	ON	4	7	G4(67)	2	115	1.6
ff	31.01574397087097	ON	4	9	A4(69)	2	115	3.3
ff	31.01574993133545	ON	3	14	G2(43)	2	115	3.3
ff	31.01575469970703	ON	4	6	F#4(66)	2	115	6.6
ff	31.015758991241455	ON	3	2	G1(31)	2	115	3.3
ff	31.06836986541748	OFF	4	6	F#4(66)	2	98	24.9
ff	31.068378925323486	OFF	4	7	G4(67)	2	114	8.3
ff	31.122091054916382	OFF	3	28	A3(57)	2	106	16.6
ff	31.12210178375244	OFF	4	9	A4(69)	2	98	24.9
ff	31.12210488319397	OFF	3	14	G2(43)	2	109	13.3
ff	31.122107982635498	OFF	3	2	G1(31)	2	109	13.3
ff	31.172613859176636	ON	4	7	G4(67)	2	115	1.6
ff	31.172624826431274	ON	3	28	A3(57)	2	115	1.6
ff	31.172627925872803	ON	3	14	G2(43)	2	115	1.6
ff	31.172629833221436	ON	3	2	G1(31)	2	115	4.9
ff	31.224178075790405	OFF	4	7	G4(67)	2	107	14.9
ff	31.27551794052124	OFF	3	28	A3(57)	2	104	18.3
ff	31.27555799484253	OFF	3	14	G2(43)	2	107	14.9
ff	31.275562047958374	OFF	3	2	G1(31)	2	107	14.9
ff	31.325889825820923	ON	3	28	A3(57)	2	115	3.3
ff	31.325896978378296	ON	4	7	G4(67)	2	115	1.6
ff	31.32589888572693	ON	3	2	G1(31)	2	115	4.9
ff	31.37852692604065	ON	3	14	G2(43)	2	115	1.6
ff	31.37853503227234	OFF	4	7	G4(67)	2	114	8.3
ff	31.42930293083191	OFF	3	28	A3(57)	2	104	18.3
ff	31.4293110370636	OFF	3	14	G2(43)	2	106	16.6
ff	31.429313898086548	OFF	3	2	G1(31)	2	111	11.6
ff	31.47964596748352	ON	3	28	A3(57)	2	115	3.3
ff	31.47965383529663	ON	3	0	F1(29)	2	115	6.6
ff	31.529775857925415	ON	3	2	G1(31)	2	115	4.9
ff	31.529783964157104	ON	3	12	F2(41)	2	115	3.3
ff	31.529786825180054	ON	3	14	G2(43)	2	115	3.3
ff	31.529789924621582	ON	4	7	G4(67)	2	115	1.6
ff	31.52979278564453	ON	4	1	C#4(61)	2	115	4.9
ff	31.52979588508606	ON	3	3	G#1(32)	2	115	1.6
ff	31.52979803085327	ON	3	8	C#2(37)	2	115	6.6
ff	31.52980089187622	OFF	4	1	C#4(61)	2	103	19.9
ff	31.580195903778076	OFF	3	3	G#1(32)	2	115	3.3
ff	31.580204963684082	OFF	3	8	C#2(37)	2	89	38.3
ff	31.580209016799927	OFF	3	12	F2(41)	2	106	16.6
ff	31.580212116241455	OFF	3	14	G2(43)	2	107	14.9
ff	31.58021378517151	OFF	3	28	A3(57)	2	107	14.9
ff	31.63135075569153	OFF	4	7	G4(67)	2	98	24.9
ff	31.631364822387695	OFF	3	2	G1(31)	2	101	21.6
ff	31.631370782852173	OFF	3	0	F1(29)	2	103	19.9
ff	31.899585723876953	ON	1	6	B1(35)	3	107	14.9
ff	31.951251983642578	ON	1	7	C2(36)	3	111	11.6
ff	31.9512619972229	ON	3	17	A#2(46)	2	115	3.3
ff	31.95126485824585	ON	4	15	D#5(75)	2	115	1.6
ff	31.951268911361694	ON	4	4	E4(64)	2	115	4.9
ff	31.951271057128906	ON	4	6	F#4(66)	2	115	3.3
ff	31.951273918151855	ON	3	5	A#1(34)	2	115	3.3
ff	31.95127582550049	ON	2	11	B4(71)	3	115	1.6
ff	31.9512779712677	ON	4	5	F4(65)	2	115	3.3
ff	32.003072023391724	ON	4	16	E5(76)	2	111	11.6
ff	32.00308275222778	ON	4	17	F5(77)	2	109	13.3
ff	32.00309205055237	OFF	2	11	B4(71)	3	111	11.6
ff	32.00311589241028	OFF	4	5	F4(65)	2	109	13.3
ff	32.00311994552612	OFF	4	4	E4(64)	2	107	14.9
ff	32.00312399864197	OFF	4	15	D#5(75)	2	115	6.6
ff	32.00312685966492	OFF	4	16	E5(76)	2	91	34.9
ff	32.05426287651062	OFF	4	6	F#4(66)	2	106	16.6
ff	32.05427289009094	OFF	1	7	C2(36)	3	100	23.3
ff	32.05427694320679	OFF	3	17	A#2(46)	2	109	13.3
ff	32.054280042648315	OFF	3	5	A#1(34)	2	107	14.9
ff	32.054282903671265	OFF	4	17	F5(77)	2	80	58.3
ff	32.0542848110199	OFF	1	6	B1(35)	3	83	49.9
ff	32.10538101196289	ON	3	5	A#1(34)	2	115	3.3
ff	32.10538983345032	ON	4	6	F#4(66)	2	115	3.3
ff	32.105392932891846	ON	3	17	A#2(46)	2	115	1.6
ff	32.105396032333374	ON	4	18	F#5(78)	2	115	3.3
ff	32.15628099441528	ON	2	12	C5(72)	3	111	11.6
ff	32.15629291534424	ON	2	11	B4(71)	3	115	4.9
ff	32.15629601478577	ON	4	12	C5(72)	2	109	13.3
ff	32.156298875808716	OFF	2	11	B4(71)	3	112	9.9
ff	32.21036696434021	OFF	2	12	C5(72)	3	100	23.3
ff	32.21037697792053	OFF	4	18	F#5(78)	2	106	16.6
ff	32.21037983894348	OFF	3	17	A#2(46)	2	109	13.3
ff	32.210383892059326	OFF	4	6	F#4(66)	2	106	16.6
ff	32.21038603782654	OFF	4	12	C5(72)	2	80	58.3
ff	32.21038794517517	OFF	3	5	A#1(34)	2	106	16.6
ff	32.260740995407104	ON	3	5	A#1(34)	2	115	3.3
ff	32.26075291633606	ON	3	17	A#2(46)	2	115	1.6
ff	32.26081705093384	ON	4	6	F#4(66)	2	115	3.3
ff	32.26082801818848	ON	4	18	F#5(78)	2	115	3.3
ff	32.26082992553711	ON	2	12	C5(72)	3	111	11.6
ff	32.3143630027771	ON	1	7	C2(36)	3	114	8.3
ff	32.31438088417053	OFF	2	12	C5(72)	3	109	13.3
ff	32.36738395690918	OFF	3	17	A#2(46)	2	109	13.3
ff	32.36742401123047	OFF	4	18	F#5(78)	2	107	14.9
ff	32.36742687225342	OFF	1	7	C2(36)	3	82	51.6
ff	32.36742901802063	OFF	4	6	F#4(66)	2	107	14.9
ff	32.36743092536926	OFF	3	5	A#1(34)	2	104	18.3
ff	32.41821098327637	ON	4	20	G#5(80)	2	115	4.9
ff	32.46982479095459	ON	4	8	G#4(68)	2	115	1.6
ff	32.469834089279175	ON	4	18	F#5(78)	2	115	4.9
ff	32.46983790397644	ON	2	14	D5(74)	3	115	6.6
ff	32.46984100341797	ON	4	6	F#4(66)	2	115	4.9
ff	32.4698441028595	ON	3	20	C#3(49)	2	115	1.6
ff	32.46984672546387	ON	2	16	E5(76)	3	112	9.9
ff	32.469849824905396	ON	1	9	D2(38)	3	115	4.9
ff	32.46985197067261	ON	3	8	C#2(37)	2	115	4.9
ff	32.469855070114136	ON	2	17	F5(77)	3	109	13.3
ff	32.469857931137085	OFF	4	6	F#4(66)	2	109	13.3
ff	32.5200457572937	OFF	2	16	E5(76)	3	106	16.6
ff	32.52005696296692	OFF	4	8	G#4(68)	2	106	16.6
ff	32.52006006240845	OFF	4	18	F#5(78)	2	93	31.6
ff	32.5200629234314	OFF	4	20	G#5(80)	2	106	16.6
ff	32.520065784454346	OFF	3	8	C#2(37)	2	88	39.9
ff	32.52006793022156	OFF	3	20	C#3(49)	2	111	11.6
ff	32.520071029663086	OFF	2	14	D5(74)	3	87	41.6
ff	32.572943925857544	OFF	1	9	D2(38)	3	94	29.9
ff	32.5729558467865	OFF	2	17	F5(77)	3	75	88.2
ff	32.62354278564453	ON	4	10	A#4(70)	2	115	1.6
ff	32.62355375289917	ON	2	16	E5(76)	3	115	4.9
ff	32.62355899810791	ON	4	15	D#5(75)	2	115	1.6
ff	32.62356209754944	ON	4	17	F5(77)	2	115	1.6
ff	32.62356495857239	ON	3	22	D#3(51)	2	115	1.6
ff	32.62356686592102	ON	4	22	A#5(82)	2	115	4.9
ff	32.62356901168823	ON	3	10	D#2(39)	2	115	3.3
ff	32.62357211112976	ON	3	17	A#2(46)	2	115	1.6
ff	32.623573780059814	ON	4	18	F#5(78)	2	115	6.6
ff	32.623575925827026	ON	3	18	B2(47)	2	115	3.3
ff	32.623579025268555	ON	4	19	G5(79)	2	115	1.6
ff	32.623581886291504	ON	3	12	F2(41)	2	115	1.6
ff	32.623584032058716	ON	3	13	F#2(42)	2	115	1.6
ff	32.623586893081665	ON	3	15	G#2(44)	2	115	1.6
ff	32.62358999252319	ON	3	19	C3(48)	2	115	1.6
ff	32.623591899871826	ON	4	12	C5(72)	2	114	8.3
ff	32.62359404563904	ON	4	16	E5(76)	2	114	8.3
ff	32.62362885475159	ON	3	14	G2(43)	2	115	3.3
ff	32.6236310005188	ON	3	16	A2(45)	2	115	3.3
ff	32.62363290786743	ON	3	21	D3(50)	2	115	4.9
ff	32.675012826919556	OFF	3	15	G#2(44)	2	115	4.9
ff	32.67502188682556	OFF	4	19	G5(79)	2	115	4.9
ff	32.675025939941406	OFF	3	14	G2(43)	2	111	11.6
ff	32.675031900405884	OFF	4	15	D#5(75)	2	115	3.3
ff	32.67503380775452	OFF	4	16	E5(76)	2	94	29.9
ff	32.67503809928894	OFF	4	22	A#5(82)	2	112	9.9
ff	32.67504000663757	OFF	3	16	A2(45)	2	112	9.9
ff	32.67504286766052	OFF	3	19	C3(48)	2	114	8.3
ff	32.675045013427734	OFF	3	13	F#2(42)	2	103	19.9
ff	32.675047874450684	OFF	4	10	A#4(70)	2	106	16.6
ff	32.67505192756653	OFF	3	17	A#2(46)	2	112	9.9
ff	32.67505383491516	OFF	2	16	E5(76)	3	100	23.3
ff	32.67505693435669	OFF	4	12	C5(72)	2	107	14.9
ff	32.67506003379822	OFF	4	18	F#5(78)	2	101	21.6
ff	32.67506289482117	OFF	3	18	B2(47)	2	90	36.6
ff	32.675065994262695	OFF	3	10	D#2(39)	2	97	26.6
ff	32.67506790161133	OFF	3	12	F2(41)	2	89	38.3
ff	32.67507004737854	OFF	3	21	D3(50)	2	109	13.3
ff	32.7262499332428	OFF	4	17	F5(77)	2	78	64.9
ff	32.72625684738159	OFF	3	22	D#3(51)	2	104	18.3
ff	32.77771711349487	ON	4	18	F#5(78)	2	115	1.6
ff	32.77772808074951	ON	4	19	G5(79)	2	115	1.6
ff	32.77773189544678	ON	4	17	F5(77)	2	115	3.3
ff	32.77773690223694	ON	4	22	A#5(82)	2	115	3.3
ff	32.77773976325989	ON	4	16	E5(76)	2	115	3.3
ff	32.77774381637573	ON	4	20	G#5(80)	2	115	3.3
ff	32.77774691581726	ON	4	21	A5(81)	2	115	3.3
ff	32.777750730514526	ON	4	14	D5(74)	2	115	4.9
ff	32.777753829956055	ON	4	12	C5(72)	2	111	11.6
ff	32.82808780670166	ON	4	11	B4(71)	2	115	3.3
ff	32.82810091972351	ON	3	13	F#2(42)	2	115	1.6
ff	32.82810592651367	ON	3	23	E3(52)	2	115	1.6
ff	32.82811093330383	ON	3	16	A2(45)	2	115	4.9
ff	32.82811784744263	ON	3	17	A#2(46)	2	115	1.6
ff	32.82812285423279	ON	3	14	G2(43)	2	115	4.9
ff	32.82812809944153	ON	3	15	G#2(44)	2	115	1.6
ff	32.82813382148743	OFF	4	16	E5(76)	2	114	8.3
ff	32.82813906669617	ON	3	18	B2(47)	2	115	6.6
ff	32.82814383506775	OFF	4	17	F5(77)	2	107	14.9
ff	32.82814908027649	OFF	4	20	G#5(80)	2	109	13.3
ff	32.828152894973755	ON	3	19	C3(48)	2	115	3.3
ff	32.828157901763916	ON	3	24	F3(53)	2	115	6.6
ff	32.82816290855408	OFF	4	19	G5(79)	2	115	6.6
ff	32.82816791534424	OFF	4	21	A5(81)	2	111	11.6
ff	32.828173875808716	OFF	4	14	D5(74)	2	111	11.6
ff	32.82817792892456	OFF	4	11	B4(71)	2	114	8.3
ff	32.82818293571472	OFF	4	12	C5(72)	2	93	31.6
ff	32.82818794250488	OFF	4	22	A#5(82)	2	103	19.9
ff	32.828192710876465	OFF	3	15	G#2(44)	2	115	3.3
ff	32.828197956085205	OFF	3	19	C3(48)	2	115	4.9
ff	32.82820200920105	OFF	3	16	A2(45)	2	111	11.6
ff	32.828205823898315	OFF	3	14	G2(43)	2	106	16.6
ff	32.88093090057373	OFF	3	23	E3(52)	2	115	6.6
ff	32.880942821502686	OFF	3	24	F3(53)	2	98	24.9
ff	32.88094902038574	OFF	3	18	B2(47)	2	94	29.9
ff	32.880953788757324	OFF	3	13	F#2(42)	2	109	13.3
ff	32.880959033966064	OFF	3	17	A#2(46)	2	112	9.9
ff	32.88096380233765	OFF	4	18	F#5(78)	2	88	39.9
ff	32.98468995094299	ON	4	20	G#5(80)	2	115	1.6
ff	32.98469591140747	ON	4	22	A#5(82)	2	115	3.3
ff	32.984699010849	ON	4	25	C#6(85)	2	115	1.6
ff	32.98470211029053	ON	4	21	A5(81)	2	115	1.6
ff	32.98470401763916	ON	4	19	G5(79)	2	115	1.6
ff	32.98470592498779	ON	4	23	B5(83)	2	115	0.0
ff	32.984707832336426	ON	4	16	E5(76)	2	115	4.9
ff	32.984726905822754	ON	4	14	D5(74)	2	115	6.6
ff	32.98472881317139	ON	4	17	F5(77)	2	115	6.6
ff	32.9847309589386	ON	3	25	F#3(54)	2	115	3.3
ff	32.98473286628723	ON	4	26	D6(86)	2	111	11.6
ff	32.98473596572876	ON	3	22	D#3(51)	2	115	3.3
ff	32.98473787307739	ON	3	30	B3(59)	2	115	3.3
ff	32.984739780426025	ON	3	23	E3(52)	2	115	1.6
ff	32.98474192619324	OFF	4	23	B5(83)	2	115	4.9
ff	32.984745025634766	ON	3	20	C#3(49)	2	115	6.6
ff	32.98474717140198	ON	3	21	D3(50)	2	115	6.6
ff	32.98474884033203	ON	3	26	G3(55)	2	115	3.3
ff	32.98475098609924	ON	3	24	F3(53)	2	115	4.9
ff	32.984752893447876	ON	4	0	C4(60)	2	115	6.6
ff	32.98475503921509	OFF	4	19	G5(79)	2	114	8.3
ff	33.03847575187683	OFF	3	20	C#3(49)	2	111	11.6
ff	33.038487911224365	OFF	4	14	D5(74)	2	109	13.3
ff	33.03849506378174	OFF	4	21	A5(81)	2	103	19.9
ff	33.03849983215332	OFF	3	22	D#3(51)	2	115	6.6
ff	33.03850507736206	OFF	4	22	A#5(82)	2	103	19.9
ff	33.03850984573364	ON	4	24	C6(84)	2	85	44.9
ff	33.03851509094238	OFF	3	23	E3(52)	2	115	6.6
ff	33.038519859313965	OFF	4	17	F5(77)	2	109	13.3
ff	33.038524866104126	OFF	4	0	C4(60)	2	101	21.6
ff	33.03852987289429	OFF	4	24	C6(84)	2	114	8.3
ff	33.03853487968445	OFF	3	25	F#3(54)	2	107	14.9
ff	33.03853988647461	OFF	4	16	E5(76)	2	106	16.6
ff	33.0385479927063	OFF	3	30	B3(59)	2	112	9.9
ff	33.03855299949646	OFF	4	26	D6(86)	2	103	19.9
ff	33.038557052612305	OFF	3	24	F3(53)	2	98	24.9
ff	33.03856182098389	OFF	4	20	G#5(80)	2	92	33.3
ff	33.03857898712158	OFF	4	25	C#6(85)	2	106	16.6
ff	33.03858184814453	OFF	3	26	G3(55)	2	109	13.3
ff	33.09222888946533	OFF	3	21	D3(50)	2	98	24.9
ff	33.142475843429565	ON	4	25	C#6(85)	2	115	1.6
ff	33.142488956451416	ON	3	26	G3(55)	2	115	1.6
ff	33.14249610900879	ON	4	17	F5(77)	2	115	1.6
ff	33.14250087738037	ON	3	28	A3(57)	2	115	1.6
ff	33.14250707626343	ON	3	29	A#3(58)	2	115	1.6
ff	33.14251184463501	ON	3	30	B3(59)	2	115	1.6
ff	33.14251708984375	ON	4	2	D4(62)	2	115	3.3
ff	33.14252185821533	ON	4	27	D#6(87)	2	115	1.6
ff	33.14252591133118	ON	3	27	G#3(56)	2	115	1.6
ff	33.14253091812134	ON	4	0	C4(60)	2	115	1.6
ff	33.1425359249115	ON	4	23	B5(83)	2	115	1.6
ff	33.14254093170166	ON	3	25	F#3(54)	2	115	3.3
ff	33.14254593849182	ON	4	28	E6(88)	2	115	4.9
ff	33.14255094528198	ON	4	24	C6(84)	2	115	3.3
ff	33.142555952072144	ON	4	4	E4(64)	2	115	3.3
ff	33.14256000518799	ON	4	21	A5(81)	2	115	6.6
ff	33.14256501197815	ON	4	26	D6(86)	2	114	8.3
ff	33.142569065093994	ON	3	24	F3(53)	2	114	8.3
ff	33.142573833465576	OFF	4	23	B5(83)	2	115	1.6
ff	33.14257788658142	ON	4	19	G5(79)	2	115	4.9
ff	33.19445490837097	OFF	4	24	C6(84)	2	114	8.3
ff	33.19446682929993	OFF	4	4	E4(64)	2	115	4.9
ff	33.19447302818298	OFF	4	28	E6(88)	2	109	13.3
ff	33.194477796554565	OFF	3	27	G#3(56)	2	115	4.9
ff	33.194483041763306	OFF	3	25	F#3(54)	2	115	4.9
ff	33.19448781013489	OFF	3	29	A#3(58)	2	114	8.3
ff	33.19449305534363	OFF	4	25	C#6(85)	2	111	11.6
ff	33.19449782371521	OFF	4	27	D#6(87)	2	114	8.3
ff	33.19450306892395	OFF	4	0	C4(60)	2	109	13.3
ff	33.19450783729553	OFF	4	19	G5(79)	2	106	16.6
ff	33.19451284408569	OFF	3	24	F3(53)	2	98	24.9
ff	33.194517850875854	OFF	4	17	F5(77)	2	106	16.6
ff	33.1945219039917	OFF	4	26	D6(86)	2	92	33.3
ff	33.19452691078186	OFF	3	30	B3(59)	2	109	13.3
ff	33.194530963897705	OFF	4	2	D4(62)	2	103	19.9
ff	33.194535970687866	OFF	3	26	G3(55)	2	101	21.6
ff	33.19456386566162	OFF	4	21	A5(81)	2	103	19.9
ff	33.19456911087036	OFF	3	28	A3(57)	2	96	28.3
ff	33.297173738479614	ON	4	25	C#6(85)	2	115	1.6
ff	33.29718089103699	ON	4	23	B5(83)	2	115	0.0
ff	33.2971830368042	ON	4	27	D#6(87)	2	115	0.0
ff	33.29718589782715	ON	4	24	C6(84)	2	115	1.6
ff	33.29718780517578	ON	4	19	G5(79)	2	115	1.6
ff	33.29718995094299	ON	4	28	E6(88)	2	115	4.9
ff	33.297192096710205	ON	4	26	D6(86)	2	115	3.3
ff	33.297194957733154	ON	4	29	F6(89)	2	114	8.3
ff	33.29719591140747	ON	3	30	B3(59)	2	115	3.3
ff	33.297199010849	ON	4	0	C4(60)	2	115	3.3
ff	33.29720091819763	ON	4	1	C#4(61)	2	115	3.3
ff	33.297203063964844	OFF	4	26	D6(86)	2	109	13.3
ff	33.349992990493774	ON	4	3	D#4(63)	2	115	1.6
ff	33.35000681877136	ON	3	29	A#3(58)	2	115	3.3
ff	33.350013971328735	OFF	4	19	G5(79)	2	111	11.6
ff	33.35001993179321	OFF	4	23	B5(83)	2	115	6.6
ff	33.350024938583374	ON	4	5	F4(65)	2	115	6.6
ff	33.35003089904785	OFF	4	28	E6(88)	2	107	14.9
ff	33.35003709793091	OFF	4	24	C6(84)	2	98	24.9
ff	33.35004186630249	OFF	4	29	F6(89)	2	106	16.6
ff	33.35004711151123	ON	4	2	D4(62)	2	112	9.9
ff	33.35005283355713	OFF	4	27	D#6(87)	2	115	6.6
ff	33.35005807876587	OFF	4	3	D#4(63)	2	115	4.9
ff	33.35006284713745	OFF	4	2	D4(62)	2	106	16.6
ff	33.35006809234619	OFF	4	25	C#6(85)	2	98	24.9
ff	33.35007286071777	OFF	4	0	C4(60)	2	115	4.9
ff	33.350078105926514	OFF	4	1	C#4(61)	2	115	6.6
ff	33.350082874298096	OFF	3	30	B3(59)	2	112	9.9
ff	33.401822090148926	OFF	4	5	F4(65)	2	104	18.3
ff	33.40183091163635	OFF	3	29	A#3(58)	2	92	33.3
ff	33.45314288139343	ON	4	27	D#6(87)	2	115	1.6
ff	33.45315480232239	ON	4	6	F#4(66)	2	115	3.3
ff	33.453161001205444	ON	4	29	F6(89)	2	115	4.9
ff	33.45316696166992	ON	4	21	A5(81)	2	115	3.3
ff	33.4531729221344	ON	4	2	D4(62)	2	115	1.6
ff	33.45317792892456	ON	4	3	D#4(63)	2	115	1.6
ff	33.45318293571472	ON	4	1	C#4(61)	2	115	4.9
ff	33.45318794250488	ON	4	24	C6(84)	2	115	4.9
ff	33.453192949295044	ON	4	0	C4(60)	2	115	4.9
ff	33.453197956085205	ON	4	28	E6(88)	2	115	4.9
ff	33.453202962875366	ON	4	5	F4(65)	2	115	1.6
ff	33.45320677757263	ON	4	26	D6(86)	2	115	4.9
ff	33.45321083068848	ON	4	4	E4(64)	2	115	3.3
ff	33.503933906555176	OFF	4	24	C6(84)	2	112	9.9
ff	33.50394296646118	OFF	4	26	D6(86)	2	106	16.6
ff	33.50394678115845	OFF	4	28	E6(88)	2	111	11.6
ff	33.503949880599976	OFF	4	5	F4(65)	2	114	8.3
ff	33.504032135009766	OFF	4	3	D#4(63)	2	115	3.3
ff	33.50403594970703	OFF	4	4	E4(64)	2	111	11.6
ff	33.504037857055664	OFF	4	27	D#6(87)	2	115	6.6
ff	33.50404095649719	OFF	4	2	D4(62)	2	106	16.6
ff	33.50404214859009	OFF	4	21	A5(81)	2	106	16.6
ff	33.50404477119446	OFF	4	0	C4(60)	2	112	9.9
ff	33.50404691696167	OFF	4	6	F#4(66)	2	111	11.6
ff	33.50404906272888	OFF	4	29	F6(89)	2	90	36.6
ff	33.55745601654053	OFF	4	1	C#4(61)	2	101	21.6
ff	33.55746793746948	ON	4	5	F4(65)	2	101	21.6
ff	33.608043909072876	OFF	4	5	F4(65)	2	91	34.9
ff	33.6080539226532	ON	4	25	C#6(85)	2	115	1.6
ff	33.60805797576904	ON	4	27	D#6(87)	2	115	1.6
ff	33.608059883117676	ON	4	28	E6(88)	2	115	1.6
ff	33.608062982559204	ON	4	21	A5(81)	2	115	3.3
ff	33.60806584358215	ON	4	24	C6(84)	2	115	3.3
ff	33.608067989349365	ON	4	26	D6(86)	2	115	3.3
ff	33.608069896698	ON	4	29	F6(89)	2	114	8.3
ff	33.60807204246521	ON	4	23	B5(83)	2	115	1.6
ff	33.60807490348816	ON	4	10	A#4(70)	2	115	1.6
ff	33.60807681083679	ON	4	6	F#4(66)	2	115	1.6
ff	33.60807776451111	ON	4	8	G#4(68)	2	115	3.3
ff	33.66082286834717	OFF	4	23	B5(83)	2	115	4.9
ff	33.66083097457886	ON	4	4	E4(64)	2	115	3.3
ff	33.66083383560181	ON	4	19	G5(79)	2	115	6.6
ff	33.66086292266846	ON	4	5	F4(65)	2	114	8.3
ff	33.66086483001709	OFF	4	24	C6(84)	2	104	18.3
ff	33.6608669757843	OFF	4	29	F6(89)	2	111	11.6
ff	33.66086983680725	OFF	4	27	D#6(87)	2	115	6.6
ff	33.66087198257446	OFF	4	28	E6(88)	2	107	14.9
ff	33.660874128341675	OFF	4	26	D6(86)	2	101	21.6
ff	33.66087579727173	OFF	4	19	G5(79)	2	107	14.9
ff	33.66087794303894	OFF	4	6	F#4(66)	2	112	9.9
ff	33.66087985038757	OFF	4	25	C#6(85)	2	107	14.9
ff	33.660881996154785	OFF	4	8	G#4(68)	2	106	16.6
ff	33.66088509559631	OFF	4	21	A5(81)	2	101	21.6
ff	33.66088581085205	OFF	4	10	A#4(70)	2	101	21.6
ff	33.71479105949402	OFF	4	4	E4(64)	2	104	18.3
ff	33.71480083465576	OFF	4	5	F4(65)	2	93	31.6
ff	34.2946879863739	ON	3	5	A#1(34)	2	115	1.6
ff	34.344833850860596	ON	3	3	G#1(32)	2	115	1.6
ff	34.34485101699829	ON	3	1	F#1(30)	2	115	6.6
ff	34.34485578536987	ON	3	6	B1(35)	2	115	4.9
ff	34.34485983848572	ON	3	11	E2(40)	2	115	1.6
ff	34.344862937927246	ON	4	13	C#5(73)	2	115	3.3
ff	34.34486794471741	ON	3	4	A1(33)	2	115	4.9
ff	34.34487199783325	ON	3	7	C2(36)	2	115	3.3
ff	34.34487581253052	ON	3	9	D2(38)	2	115	3.3
ff	34.34487986564636	ON	4	10	A#4(70)	2	115	1.6
ff	34.34488296508789	ON	4	12	C5(72)	2	115	3.3
ff	34.344886779785156	ON	3	2	G1(31)	2	114	8.3
ff	34.344923973083496	ON	4	8	G#4(68)	2	115	1.6
ff	34.34493398666382	ON	4	11	B4(71)	2	115	1.6
ff	34.34493899345398	ON	4	9	A4(69)	2	115	1.6
ff	34.34495186805725	ON	4	14	D5(74)	2	115	4.9
ff	34.344955921173096	ON	4	5	F4(65)	2	115	6.6
ff	34.34495997428894	OFF	3	11	E2(40)	2	104	18.3
ff	34.34498596191406	OFF	3	7	C2(36)	2	106	16.6
ff	34.34498906135559	OFF	3	1	F#1(30)	2	111	11.6
ff	34.344992876052856	OFF	3	9	D2(38)	2	112	9.9
ff	34.344995975494385	OFF	4	9	A4(69)	2	115	6.6
ff	34.34500002861023	OFF	3	2	G1(31)	2	94	29.9
ff	34.34500312805176	OFF	3	4	A1(33)	2	101	21.6
ff	34.34500598907471	OFF	3	6	B1(35)	2	97	26.6
ff	34.39760994911194	OFF	3	3	G#1(32)	2	115	6.6
ff	34.397666931152344	OFF	4	11	B4(71)	2	107	14.9
ff	34.397671937942505	OFF	3	5	A#1(34)	2	106	16.6
ff	34.39767575263977	OFF	4	10	A#4(70)	2	94	29.9
ff	34.3976788520813	OFF	4	12	C5(72)	2	94	29.9
ff	34.39768099784851	OFF	4	14	D5(74)	2	107	14.9
ff	34.39768409729004	OFF	4	5	F4(65)	2	107	14.9
ff	34.39768576622009	OFF	4	8	G#4(68)	2	88	39.9
ff	34.39768886566162	OFF	4	13	C#5(73)	2	107	14.9
ff	34.44861388206482	ON	3	5	A#1(34)	2	115	1.6
ff	34.44862699508667	ON	3	1	F#1(30)	2	115	3.3
ff	34.448633909225464	ON	3	6	B1(35)	2	115	1.6
ff	34.448638916015625	ON	3	3	G#1(32)	2	115	1.6
ff	34.4486448764801	ON	3	4	A1(33)	2	115	3.3
ff	34.44864892959595	ON	3	2	G1(31)	2	115	4.9
ff	34.44865393638611	ON	3	7	C2(36)	2	115	3.3
ff	34.4990599155426	ON	3	0	F1(29)	2	115	6.6
ff	34.49907207489014	ON	4	8	G#4(68)	2	115	1.6
ff	34.49907684326172	ON	4	10	A#4(70)	2	115	1.6
ff	34.49908375740051	ON	4	13	C#5(73)	2	115	4.9
ff	34.49908995628357	ON	4	9	A4(69)	2	115	1.6
ff	34.49909591674805	ON	4	5	F4(65)	2	115	1.6
ff	34.49910092353821	ON	4	11	B4(71)	2	115	1.6
ff	34.49910593032837	ON	4	12	C5(72)	2	115	3.3
ff	34.49911093711853	ON	3	9	D2(38)	2	114	8.3
ff	34.49911594390869	ON	3	11	E2(40)	2	115	3.3
ff	34.49912095069885	ON	4	7	G4(67)	2	115	1.6
ff	34.499125719070435	ON	3	10	D#2(39)	2	112	9.9
ff	34.499130964279175	OFF	3	11	E2(40)	2	115	3.3
ff	34.499135971069336	OFF	3	7	C2(36)	2	115	6.6
ff	34.49914193153381	OFF	4	7	G4(67)	2	115	1.6
ff	34.499146699905396	OFF	3	2	G1(31)	2	104	18.3
ff	34.499151945114136	OFF	3	0	F1(29)	2	111	11.6
ff	34.4991569519043	OFF	4	11	B4(71)	2	115	4.9
ff	34.49916076660156	OFF	3	4	A1(33)	2	100	23.3
ff	34.4991660118103	OFF	3	9	D2(38)	2	109	13.3
ff	34.499170780181885	OFF	3	3	G#1(32)	2	115	6.6
ff	34.49917507171631	OFF	4	12	C5(72)	2	101	21.6
ff	34.54993009567261	OFF	3	6	B1(35)	2	93	31.6
ff	34.54993796348572	OFF	3	10	D#2(39)	2	93	31.6
ff	34.549941062927246	OFF	4	5	F4(65)	2	107	14.9
ff	34.549943923950195	OFF	3	5	A#1(34)	2	109	13.3
ff	34.54994583129883	OFF	4	9	A4(69)	2	103	19.9
ff	34.549948930740356	OFF	4	10	A#4(70)	2	97	26.6
ff	34.549952030181885	OFF	3	1	F#1(30)	2	107	14.9
ff	34.54995393753052	OFF	4	8	G#4(68)	2	112	9.9
ff	34.54995584487915	OFF	4	13	C#5(73)	2	100	23.3
ff	34.600130796432495	ON	3	1	F#1(30)	2	115	1.6
ff	34.600141763687134	ON	3	5	A#1(34)	2	115	3.3
ff	34.60014796257019	ON	3	3	G#1(32)	2	115	0.0
ff	34.60015296936035	ON	3	4	A1(33)	2	115	3.3
ff	34.65035891532898	ON	3	2	G1(31)	2	115	4.9
ff	34.65036606788635	ON	3	6	B1(35)	2	115	6.6
ff	34.65036988258362	ON	3	7	C2(36)	2	115	3.3
ff	34.65037393569946	ON	4	8	G#4(68)	2	115	1.6
ff	34.65037798881531	ON	3	0	F1(29)	2	114	8.3
ff	34.65038299560547	ON	3	9	D2(38)	2	115	4.9
ff	34.65038704872131	ON	4	10	A#4(70)	2	115	3.3
ff	34.65039086341858	ON	4	7	G4(67)	2	115	1.6
ff	34.65039396286011	OFF	3	7	C2(36)	2	115	3.3
ff	34.65039801597595	ON	4	11	B4(71)	2	115	3.3
ff	34.6504008769989	ON	4	9	A4(69)	2	115	6.6
ff	34.650404930114746	ON	4	12	C5(72)	2	115	6.6
ff	34.65040898323059	ON	4	5	F4(65)	2	115	6.6
ff	34.65041184425354	OFF	4	7	G4(67)	2	115	3.3
ff	34.650415897369385	OFF	3	6	B1(35)	2	96	28.3
ff	34.65041995048523	OFF	4	11	B4(71)	2	115	3.3
ff	34.65042281150818	OFF	3	2	G1(31)	2	104	18.3
ff	34.65042686462402	OFF	3	3	G#1(32)	2	115	6.6
ff	34.65042996406555	OFF	3	1	F#1(30)	2	112	9.9
ff	34.65043377876282	OFF	3	4	A1(33)	2	100	23.3
ff	34.650436878204346	OFF	3	5	A#1(34)	2	111	11.6
ff	34.650439977645874	OFF	3	9	D2(38)	2	109	13.3
ff	34.70096707344055	OFF	4	12	C5(72)	2	91	34.9
ff	34.700973987579346	OFF	4	8	G#4(68)	2	100	23.3
ff	34.700976848602295	OFF	4	9	A4(69)	2	104	18.3
ff	34.700981855392456	OFF	4	10	A#4(70)	2	106	16.6
ff	34.70098376274109	OFF	3	0	F1(29)	2	93	31.6
ff	34.7009859085083	OFF	4	5	F4(65)	2	98	24.9
ff	34.751140832901	ON	3	5	A#1(34)	2	115	1.6
ff	34.75114989280701	ON	3	3	G#1(32)	2	115	0.0
ff	34.75115489959717	ON	3	4	A1(33)	2	115	3.3
ff	34.75115776062012	ON	3	6	B1(35)	2	115	3.3
ff	34.75116300582886	ON	4	10	A#4(70)	2	115	1.6
ff	34.7511670589447	ON	3	2	G1(31)	2	115	4.9
ff	34.75116991996765	ON	4	8	G#4(68)	2	115	0.0
ff	34.751173973083496	ON	3	7	C2(36)	2	115	3.3
ff	34.751177072525024	ON	3	9	D2(38)	2	115	3.3
ff	34.75118088722229	ON	4	7	G4(67)	2	115	1.6
ff	34.75118398666382	ON	4	9	A4(69)	2	115	4.9
ff	34.75118803977966	ON	4	11	B4(71)	2	115	0.0
ff	34.75119090080261	ON	4	5	F4(65)	2	115	3.3
ff	34.75119400024414	ON	4	12	C5(72)	2	115	6.6
ff	34.803252935409546	ON	3	11	E2(40)	2	115	3.3
ff	34.80326795578003	OFF	4	11	B4(71)	2	115	3.3
ff	34.803272008895874	OFF	3	11	E2(40)	2	112	9.9
ff	34.80327486991882	OFF	3	7	C2(36)	2	114	8.3
ff	34.80327796936035	OFF	3	9	D2(38)	2	111	11.6
ff	34.8032808303833	OFF	4	9	A4(69)	2	111	11.6
ff	34.80328392982483	OFF	3	2	G1(31)	2	101	21.6
ff	34.80328583717346	OFF	4	5	F4(65)	2	111	11.6
ff	34.803287744522095	OFF	3	3	G#1(32)	2	115	6.6
ff	34.80329084396362	OFF	4	7	G4(67)	2	114	8.3
ff	34.803292989730835	OFF	4	12	C5(72)	2	92	33.3
ff	34.80329608917236	OFF	3	4	A1(33)	2	97	26.6
ff	34.80329775810242	OFF	3	6	B1(35)	2	89	38.3
ff	34.80329990386963	OFF	3	5	A#1(34)	2	106	16.6
ff	34.80330204963684	OFF	4	8	G#4(68)	2	104	18.3
ff	34.8583459854126	OFF	4	10	A#4(70)	2	94	29.9
ff	35.175458908081055	ON	3	18	B2(47)	2	115	1.6
ff	35.175467014312744	ON	3	22	D#3(51)	2	115	1.6
ff	35.17547082901001	ON	3	19	C3(48)	2	115	1.6
ff	35.17547392845154	ON	3	20	C#3(49)	2	115	3.3
ff	35.17547607421875	ON	3	24	F3(53)	2	115	6.6
ff	35.1754789352417	ON	3	23	E3(52)	2	115	3.3
ff	35.17548179626465	ON	4	1	C#4(61)	2	115	1.6
ff	35.17548489570618	ON	3	21	D3(50)	2	115	4.9
ff	35.17551398277283	ON	3	29	A#3(58)	2	115	3.3
ff	35.175517082214355	ON	4	2	D4(62)	2	115	3.3
ff	35.175519943237305	ON	4	0	C4(60)	2	115	3.3
ff	35.17552185058594	ON	3	28	A3(57)	2	115	4.9
ff	35.175524950027466	ON	3	30	B3(59)	2	115	3.3
ff	35.1755268573761	ON	4	3	D#4(63)	2	115	1.6
ff	35.17552900314331	ON	4	4	E4(64)	2	115	6.6
ff	35.226136922836304	OFF	3	23	E3(52)	2	115	4.9
ff	35.22615098953247	OFF	3	19	C3(48)	2	115	3.3
ff	35.22615694999695	OFF	3	24	F3(53)	2	101	21.6
ff	35.226162910461426	OFF	4	3	D#4(63)	2	115	3.3
ff	35.22616791725159	OFF	4	4	E4(64)	2	111	11.6
ff	35.22617292404175	OFF	3	22	D#3(51)	2	107	14.9
ff	35.22617793083191	OFF	4	0	C4(60)	2	114	8.3
ff	35.22618389129639	OFF	4	2	D4(62)	2	111	11.6
ff	35.22618889808655	OFF	3	20	C#3(49)	2	106	16.6
ff	35.22619295120239	OFF	3	21	D3(50)	2	109	13.3
ff	35.226197719573975	OFF	3	30	B3(59)	2	115	6.6
ff	35.226202964782715	OFF	3	28	A3(57)	2	115	6.6
ff	35.226207971572876	OFF	3	18	B2(47)	2	100	23.3
ff	35.22621178627014	OFF	3	29	A#3(58)	2	109	13.3
ff	35.226248025894165	OFF	4	1	C#4(61)	2	107	14.9
ff	35.28134489059448	ON	3	29	A#3(58)	2	109	13.3
ff	35.33194875717163	ON	4	1	C#4(61)	2	115	1.6
ff	35.33196401596069	ON	4	2	D4(62)	2	115	1.6
ff	35.33196973800659	ON	4	3	D#4(63)	2	115	1.6
ff	35.33197498321533	ON	3	18	B2(47)	2	115	3.3
ff	35.33198094367981	ON	3	20	C#3(49)	2	115	1.6
ff	35.331984996795654	ON	3	22	D#3(51)	2	115	1.6
ff	35.33199071884155	ON	3	24	F3(53)	2	115	3.3
ff	35.33199596405029	ON	3	19	C3(48)	2	115	1.6
ff	35.332000732421875	ON	3	30	B3(59)	2	115	1.6
ff	35.332005977630615	ON	4	0	C4(60)	2	115	3.3
ff	35.332010984420776	ON	3	23	E3(52)	2	115	1.6
ff	35.33201599121094	ON	3	21	D3(50)	2	115	3.3
ff	35.33202004432678	ON	4	4	E4(64)	2	114	8.3
ff	35.332024812698364	ON	3	28	A3(57)	2	114	8.3
ff	35.332030057907104	OFF	3	23	E3(52)	2	115	1.6
ff	35.33203387260437	OFF	3	28	A3(57)	2	106	16.6
ff	35.38599681854248	OFF	3	19	C3(48)	2	115	4.9
ff	35.38600397109985	OFF	4	2	D4(62)	2	112	9.9
ff	35.3860068321228	OFF	3	21	D3(50)	2	115	6.6
ff	35.38600993156433	OFF	3	29	A#3(58)	2	82	51.6
ff	35.38601303100586	OFF	3	30	B3(59)	2	112	9.9
ff	35.38601493835449	OFF	4	0	C4(60)	2	115	6.6
ff	35.38601779937744	OFF	3	22	D#3(51)	2	111	11.6
ff	35.38601994514465	OFF	3	24	F3(53)	2	106	16.6
ff	35.38602304458618	OFF	3	18	B2(47)	2	104	18.3
ff	35.386024951934814	OFF	4	3	D#4(63)	2	115	4.9
ff	35.386027812957764	OFF	3	20	C#3(49)	2	107	14.9
ff	35.386029958724976	OFF	4	1	C#4(61)	2	107	14.9
ff	35.38603186607361	OFF	4	4	E4(64)	2	80	58.3
ff	35.4365017414093	ON	3	21	D3(50)	2	106	16.6
ff	35.4365119934082	OFF	3	21	D3(50)	2	91	34.9
ff	35.436517000198364	ON	4	1	C#4(61)	2	115	1.6
ff	35.43652105331421	ON	4	2	D4(62)	2	115	3.3
ff	35.436524868011475	ON	4	0	C4(60)	2	115	3.3
ff	35.43652892112732	ON	4	3	D#4(63)	2	115	1.6
ff	35.43653202056885	ON	3	30	B3(59)	2	115	3.3
ff	35.4365348815918	ON	4	4	E4(64)	2	115	6.6
ff	35.486615896224976	ON	3	28	A3(57)	2	115	4.9
ff	35.4866259098053	ON	3	22	D#3(51)	2	115	1.6
ff	35.48663091659546	ON	3	20	C#3(49)	2	115	3.3
ff	35.486634969711304	ON	3	24	F3(53)	2	115	3.3
ff	35.48663878440857	ON	3	19	C3(48)	2	115	1.6
ff	35.48664307594299	ON	3	18	B2(47)	2	111	11.6
ff	35.48664689064026	ON	3	23	E3(52)	2	115	4.9
ff	35.486653089523315	OFF	4	3	D#4(63)	2	115	3.3
ff	35.48665690422058	OFF	3	19	C3(48)	2	115	1.6
ff	35.486660957336426	OFF	3	24	F3(53)	2	106	16.6
ff	35.48666501045227	OFF	3	22	D#3(51)	2	101	21.6
ff	35.48666787147522	OFF	4	2	D4(62)	2	107	14.9
ff	35.48667287826538	OFF	3	30	B3(59)	2	112	9.9
ff	35.48667597770691	OFF	3	28	A3(57)	2	109	13.3
ff	35.48669385910034	OFF	4	4	E4(64)	2	98	24.9
ff	35.537813901901245	OFF	3	23	E3(52)	2	111	11.6
ff	35.537822008132935	OFF	4	0	C4(60)	2	109	13.3
ff	35.537824869155884	OFF	3	20	C#3(49)	2	93	31.6
ff	35.53782677650452	OFF	4	1	C#4(61)	2	112	9.9
ff	35.53782892227173	OFF	3	18	B2(47)	2	90	36.6
ff	35.58801007270813	ON	3	24	F3(53)	2	115	3.3
ff	35.5880229473114	ON	4	1	C#4(61)	2	115	1.6
ff	35.588030099868774	ON	4	0	C4(60)	2	115	1.6
ff	35.588034868240356	ON	4	2	D4(62)	2	115	3.3
ff	35.58803987503052	ON	3	22	D#3(51)	2	115	1.6
ff	35.58804488182068	ON	3	30	B3(59)	2	115	1.6
ff	35.58804988861084	ON	3	23	E3(52)	2	115	1.6
ff	35.588054895401	ON	4	4	E4(64)	2	115	3.3
ff	35.588058948516846	ON	3	20	C#3(49)	2	115	3.3
ff	35.638761043548584	ON	4	3	D#4(63)	2	115	3.3
ff	35.63876986503601	ON	3	19	C3(48)	2	115	1.6
ff	35.63877296447754	ON	3	21	D3(50)	2	115	3.3
ff	35.63877487182617	ON	3	29	A#3(58)	2	114	8.3
ff	35.63877892494202	ON	3	18	B2(47)	2	114	8.3
ff	35.63878107070923	OFF	3	29	A#3(58)	2	104	18.3
ff	35.638784885406494	OFF	4	3	D#4(63)	2	115	1.6
ff	35.63878679275513	OFF	3	19	C3(48)	2	115	6.6
ff	35.638789892196655	OFF	3	21	D3(50)	2	115	6.6
ff	35.638792991638184	OFF	3	20	C#3(49)	2	109	13.3
ff	35.638794898986816	OFF	3	23	E3(52)	2	115	6.6
ff	35.638797760009766	OFF	4	4	E4(64)	2	103	19.9
ff	35.63879990577698	OFF	3	22	D#3(51)	2	104	18.3
ff	35.63880205154419	OFF	3	18	B2(47)	2	93	31.6
ff	35.69388794898987	OFF	3	30	B3(59)	2	111	11.6
ff	35.69389486312866	OFF	4	1	C#4(61)	2	111	11.6
ff	35.693897008895874	OFF	4	2	D4(62)	2	111	11.6
ff	35.69389891624451	OFF	3	24	F3(53)	2	97	26.6
ff	35.693901777267456	OFF	4	0	C4(60)	2	103	19.9
ff	38.15121793746948	ON	4	13	C#5(73)	2	115	3.3
ff	38.15122580528259	ON	2	13	C#5(73)	3	115	3.3
ff	38.151227951049805	ON	4	1	C#4(61)	2	115	3.3
ff	38.15123105049133	ON	4	14	D5(74)	2	115	4.9
ff	38.20148801803589	ON	2	14	D5(74)	3	115	6.6
ff	38.201495885849	ON	2	1	C#4(61)	3	115	3.3
ff	38.20149898529053	ON	4	3	D#4(63)	2	115	1.6
ff	38.20150089263916	ON	3	30	B3(59)	2	115	4.9
ff	38.201502084732056	ON	2	3	D#4(63)	3	115	1.6
ff	38.20150399208069	ON	4	0	C4(60)	2	115	4.9
ff	38.20150589942932	ON	4	5	F4(65)	2	114	8.3
ff	38.20150899887085	ON	4	11	B4(71)	2	115	6.6
ff	38.20151209831238	ON	4	15	D#5(75)	2	115	4.9
ff	38.20151400566101	ON	2	11	B4(71)	3	115	4.9
ff	38.201515913009644	ON	4	4	E4(64)	2	114	8.3
ff	38.201517820358276	ON	4	12	C5(72)	2	109	13.3
ff	38.20151996612549	ON	4	2	D4(62)	2	112	9.9
ff	38.20152187347412	ON	2	5	F4(65)	3	112	9.9
ff	38.20152401924133	ON	2	12	C5(72)	3	104	18.3
ff	38.201525926589966	ON	2	15	D#5(75)	3	115	4.9
ff	38.2015278339386	OFF	4	4	E4(64)	2	112	9.9
ff	38.20152997970581	OFF	4	3	D#4(63)	2	115	3.3
ff	38.20153307914734	OFF	4	2	D4(62)	2	107	14.9
ff	38.20153498649597	OFF	4	11	B4(71)	2	111	11.6
ff	38.201536893844604	OFF	4	0	C4(60)	2	98	24.9
ff	38.20153880119324	OFF	4	14	D5(74)	2	106	16.6
ff	38.20154094696045	OFF	2	3	D#4(63)	3	115	4.9
ff	38.20154285430908	OFF	4	12	C5(72)	2	97	26.6
ff	38.201545000076294	OFF	2	11	B4(71)	3	114	8.3
ff	38.20154690742493	OFF	4	15	D#5(75)	2	114	8.3
ff	38.25904083251953	OFF	4	13	C#5(73)	2	107	14.9
ff	38.259050130844116	OFF	2	14	D5(74)	3	100	23.3
ff	38.259052753448486	OFF	2	15	D#5(75)	3	94	29.9
ff	38.259055852890015	OFF	3	30	B3(59)	2	103	19.9
ff	38.25905895233154	OFF	2	1	C#4(61)	3	107	14.9
ff	38.259061098098755	OFF	4	1	C#4(61)	2	111	11.6
ff	38.259063959121704	OFF	4	5	F4(65)	2	104	18.3
ff	38.25906491279602	OFF	2	13	C#5(73)	3	96	28.3
ff	38.25906682014465	OFF	2	5	F4(65)	3	96	28.3
ff	38.31137013435364	OFF	2	12	C5(72)	3	75	96.6
ff	38.31137704849243	ON	4	0	C4(60)	2	115	3.3
ff	38.31137990951538	ON	4	1	C#4(61)	2	115	4.9
ff	38.311381816864014	ON	3	30	B3(59)	2	115	3.3
ff	38.311383962631226	ON	4	13	C#5(73)	2	115	3.3
ff	38.31138491630554	ON	4	15	D#5(75)	2	115	0.0
ff	38.311386823654175	ON	2	13	C#5(73)	3	115	3.3
ff	38.31138896942139	ON	2	15	D#5(75)	3	115	1.6
ff	38.3113911151886	ON	4	2	D4(62)	2	115	3.3
ff	38.31139278411865	ON	4	3	D#4(63)	2	115	1.6
ff	38.31139373779297	ON	4	6	F#4(66)	2	115	4.9
ff	38.31139588356018	ON	2	3	D#4(63)	3	115	0.0
ff	38.31139802932739	ON	4	4	E4(64)	2	115	6.6
ff	38.31140208244324	ON	4	14	D5(74)	2	115	4.9
ff	38.31140494346619	ON	4	16	E5(76)	2	115	4.9
ff	38.31140685081482	ON	2	1	C#4(61)	3	114	8.3
ff	38.31140899658203	ON	2	14	D5(74)	3	115	4.9
ff	38.311410903930664	ON	4	12	C5(72)	2	115	3.3
ff	38.31141209602356	ON	2	4	E4(64)	3	115	6.6
ff	38.31142592430115	ON	2	6	F#4(66)	3	115	6.6
ff	38.31142783164978	ON	2	12	C5(72)	3	115	3.3
ff	38.31142997741699	ON	2	16	E5(76)	3	115	6.6
ff	38.311431884765625	ON	1	30	B3(59)	3	112	9.9
ff	38.31143403053284	ON	2	2	D4(62)	3	115	6.6
ff	38.31143593788147	ON	4	5	F4(65)	2	115	6.6
ff	38.3114378452301	ON	4	17	F5(77)	2	114	8.3
ff	38.311439990997314	ON	2	0	C4(60)	3	112	9.9
ff	38.31144189834595	ON	2	5	F4(65)	3	114	8.3
ff	38.31144404411316	ON	4	9	A4(69)	2	115	4.9
ff	38.31144571304321	ON	4	11	B4(71)	2	115	3.3
ff	38.311447858810425	ON	2	11	B4(71)	3	115	3.3
ff	38.31145000457764	ON	2	9	A4(69)	3	114	8.3
ff	38.36170697212219	OFF	4	11	B4(71)	2	115	3.3
ff	38.36171293258667	OFF	4	17	F5(77)	2	92	33.3
ff	38.3617160320282	OFF	2	0	C4(60)	3	90	36.6
ff	38.36171770095825	OFF	2	11	B4(71)	3	115	6.6
ff	38.361719846725464	OFF	2	2	D4(62)	3	103	19.9
ff	38.361721992492676	OFF	4	5	F4(65)	2	109	13.3
ff	38.36172389984131	OFF	4	14	D5(74)	2	103	19.9
ff	38.36172604560852	OFF	2	5	F4(65)	3	109	13.3
ff	38.36172795295715	OFF	4	2	D4(62)	2	112	9.9
ff	38.361729860305786	OFF	4	9	A4(69)	2	107	14.9
ff	38.361732006073	OFF	2	14	D5(74)	3	92	33.3
ff	38.36173391342163	OFF	4	16	E5(76)	2	89	38.3
ff	38.36173605918884	OFF	2	4	E4(64)	3	91	34.9
ff	38.361737966537476	OFF	4	4	E4(64)	2	97	26.6
ff	38.36173987388611	OFF	4	12	C5(72)	2	92	33.3
ff	38.36174178123474	OFF	2	12	C5(72)	3	91	34.9
ff	38.36174392700195	OFF	1	30	B3(59)	3	85	46.6
ff	38.361746072769165	OFF	2	16	E5(76)	3	84	48.3
ff	38.36174702644348	OFF	4	15	D#5(75)	2	115	6.6
ff	38.41219782829285	OFF	2	15	D#5(75)	3	112	9.9
ff	38.412203788757324	OFF	4	3	D#4(63)	2	109	13.3
ff	38.412205934524536	OFF	2	9	A4(69)	3	103	19.9
ff	38.412209033966064	OFF	2	3	D#4(63)	3	100	23.3
ff	38.4122109413147	OFF	4	13	C#5(73)	2	107	14.9
ff	38.41221308708191	OFF	3	30	B3(59)	2	106	16.6
ff	38.41221475601196	OFF	4	0	C4(60)	2	106	16.6
ff	38.412216901779175	OFF	2	13	C#5(73)	3	96	28.3
ff	38.41221904754639	OFF	4	6	F#4(66)	2	103	19.9
ff	38.412221908569336	OFF	2	1	C#4(61)	3	94	29.9
ff	38.41222310066223	OFF	2	6	F#4(66)	3	86	43.3
ff	38.412224769592285	OFF	4	1	C#4(61)	2	104	18.3
ff	38.67640686035156	ON	4	25	C#6(85)	2	115	3.3
ff	38.676416873931885	ON	2	25	C#6(85)	3	115	3.3
ff	38.67641997337341	ON	2	22	A#5(82)	3	115	3.3
ff	38.676421880722046	ON	4	22	A#5(82)	2	115	4.9
ff	38.676424980163574	ON	2	27	D#6(87)	3	115	3.3
ff	38.67642688751221	ON	4	26	D6(86)	2	115	4.9
ff	38.676429986953735	ON	4	27	D#6(87)	2	115	1.6
ff	38.67643189430237	ON	2	24	C6(84)	3	115	3.3
ff	38.6764349937439	ON	2	26	D6(86)	3	115	4.9
ff	38.67643713951111	ON	4	23	B5(83)	2	115	1.6
ff	38.676437854766846	ON	2	23	B5(83)	3	115	0.0
ff	38.676440954208374	ON	4	24	C6(84)	2	115	4.9
ff	38.67645502090454	ON	2	21	A5(81)	3	109	13.3
ff	38.676456928253174	OFF	2	23	B5(83)	3	115	3.3
ff	38.726603746414185	ON	3	22	D#3(51)	2	115	1.6
ff	38.726616859436035	ON	1	22	D#3(51)	3	115	1.6
ff	38.72661900520325	OFF	4	23	B5(83)	2	115	3.3
ff	38.726622104644775	ON	1	20	C#3(49)	3	115	3.3
ff	38.72662401199341	ON	1	24	F3(53)	3	115	6.6
ff	38.72662591934204	ON	3	20	C#3(49)	2	115	3.3
ff	38.72662687301636	ON	3	24	F3(53)	2	115	6.6
ff	38.72662901878357	ON	3	23	E3(52)	2	115	1.6
ff	38.7266309261322	ON	3	26	G3(55)	2	115	4.9
ff	38.726633071899414	ON	1	23	E3(52)	3	115	1.6
ff	38.72663402557373	OFF	2	21	A5(81)	3	107	14.9
ff	38.72663593292236	ON	1	26	G3(55)	3	115	4.9
ff	38.72664499282837	OFF	4	24	C6(84)	2	107	14.9
ff	38.72665286064148	ON	3	19	C3(48)	2	115	1.6
ff	38.72665786743164	ON	1	19	C3(48)	3	115	3.3
ff	38.72665977478027	ON	1	21	D3(50)	3	115	4.9
ff	38.726661920547485	OFF	2	24	C6(84)	3	111	11.6
ff	38.7266628742218	ON	3	21	D3(50)	2	115	6.6
ff	38.726665019989014	OFF	4	26	D6(86)	2	103	19.9
ff	38.72666668891907	OFF	2	26	D6(86)	3	98	24.9
ff	38.72666883468628	OFF	4	27	D#6(87)	2	109	13.3
ff	38.726672887802124	OFF	4	22	A#5(82)	2	98	24.9
ff	38.72667598724365	OFF	4	25	C#6(85)	2	109	13.3
ff	38.72667980194092	OFF	2	22	A#5(82)	3	96	28.3
ff	38.72668194770813	ON	3	18	B2(47)	2	100	23.3
ff	38.72668504714966	OFF	2	25	C#6(85)	3	101	21.6
ff	38.72668814659119	OFF	3	19	C3(48)	2	114	8.3
ff	38.72668981552124	OFF	2	27	D#6(87)	3	90	36.6
ff	38.726693868637085	OFF	1	19	C3(48)	3	115	4.9
ff	38.72669506072998	OFF	1	23	E3(52)	3	114	8.3
ff	38.72669696807861	OFF	3	18	B2(47)	2	107	14.9
ff	38.779454946517944	OFF	3	23	E3(52)	2	115	6.6
ff	38.77946090698242	OFF	3	26	G3(55)	2	107	14.9
ff	38.77946400642395	OFF	1	26	G3(55)	3	103	19.9
ff	38.77946591377258	OFF	3	22	D#3(51)	2	100	23.3
ff	38.77946877479553	OFF	1	22	D#3(51)	3	94	29.9
ff	38.779470920562744	OFF	3	20	C#3(49)	2	94	29.9
ff	38.77947187423706	OFF	3	24	F3(53)	2	92	33.3
ff	38.77947402000427	OFF	1	20	C#3(49)	3	97	26.6
ff	38.779475927352905	OFF	3	21	D3(50)	2	93	31.6
ff	38.77947783470154	ON	3	23	E3(52)	2	115	1.6
ff	38.82970976829529	ON	1	20	C#3(49)	3	115	6.6
ff	38.82972192764282	ON	3	20	C#3(49)	2	115	6.6
ff	38.82972812652588	ON	3	19	C3(48)	2	115	1.6
ff	38.82973289489746	ON	3	21	D3(50)	2	115	3.3
ff	38.8297381401062	ON	3	22	D#3(51)	2	115	4.9
ff	38.82974195480347	ON	3	24	F3(53)	2	115	6.6
ff	38.82974696159363	ON	1	22	D#3(51)	3	115	4.9
ff	38.829750776290894	ON	1	23	E3(52)	3	115	1.6
ff	38.829756021499634	ON	3	26	G3(55)	2	115	6.6
ff	38.829760789871216	ON	4	25	C#6(85)	2	115	1.6
ff	38.82976484298706	ON	1	19	C3(48)	3	115	3.3
ff	38.829771757125854	ON	1	26	G3(55)	3	115	6.6
ff	38.82977795600891	ON	2	25	C#6(85)	3	115	1.6
ff	38.82978272438049	ON	2	27	D#6(87)	3	115	1.6
ff	38.82978796958923	ON	4	27	D#6(87)	2	115	1.6
ff	38.829792737960815	ON	4	28	E6(88)	2	115	1.6
ff	38.829797983169556	ON	4	29	F6(89)	2	115	3.3
ff	38.82980298995972	ON	2	28	E6(88)	3	106	16.6
ff	38.82980799674988	ON	2	29	F6(89)	3	115	3.3
ff	38.82981204986572	ON	4	26	D6(86)	2	115	3.3
ff	38.829816818237305	ON	2	24	C6(84)	3	115	1.6
ff	38.829822063446045	ON	2	26	D6(86)	3	115	3.3
ff	38.82982683181763	ON	3	18	B2(47)	2	112	9.9
ff	38.82983207702637	ON	4	24	C6(84)	2	115	3.3
ff	38.82983684539795	ON	1	18	B2(47)	3	114	8.3
ff	38.82986402511597	ON	4	23	B5(83)	2	115	1.6
ff	38.82986783981323	ON	4	21	A5(81)	2	115	6.6
ff	38.829872846603394	ON	2	21	A5(81)	3	114	8.3
ff	38.82987713813782	ON	2	23	B5(83)	3	115	1.6
ff	38.8298819065094	OFF	2	23	B5(83)	3	115	1.6
ff	38.88014602661133	OFF	4	23	B5(83)	2	115	4.9
ff	38.88015389442444	OFF	3	18	B2(47)	2	96	28.3
ff	38.88015604019165	OFF	4	24	C6(84)	2	101	21.6
ff	38.88015794754028	OFF	3	19	C3(48)	2	115	6.6
ff	38.880160093307495	OFF	1	18	B2(47)	3	104	18.3
ff	38.88016390800476	OFF	1	19	C3(48)	3	96	28.3
ff	38.88016700744629	OFF	4	21	A5(81)	2	109	13.3
ff	38.88017010688782	OFF	4	26	D6(86)	2	97	26.6
ff	38.88017177581787	OFF	2	21	A5(81)	3	107	14.9
ff	38.88017392158508	OFF	3	23	E3(52)	2	115	6.6
ff	38.880175828933716	OFF	2	26	D6(86)	3	90	36.6
ff	38.88017797470093	OFF	4	27	D#6(87)	2	115	6.6
ff	38.88018012046814	OFF	3	21	D3(50)	2	106	16.6
ff	38.88018178939819	OFF	3	24	F3(53)	2	97	26.6
ff	38.880183935165405	OFF	2	24	C6(84)	3	92	33.3
ff	38.88018584251404	OFF	4	25	C#6(85)	2	112	9.9
ff	38.880204916000366	OFF	4	28	E6(88)	2	106	16.6
ff	38.880208015441895	OFF	3	26	G3(55)	2	104	18.3
ff	38.88020992279053	OFF	1	23	E3(52)	3	103	19.9
ff	38.880213022232056	OFF	3	22	D#3(51)	2	97	26.6
ff	38.88021492958069	OFF	2	25	C#6(85)	3	101	21.6
ff	38.88021683692932	OFF	4	29	F6(89)	2	101	21.6
ff	38.88021898269653	OFF	2	27	D#6(87)	3	107	14.9
ff	38.880220890045166	OFF	1	21	D3(50)	3	94	29.9
ff	38.93102288246155	OFF	1	26	G3(55)	3	80	58.3
ff	38.931036949157715	OFF	3	20	C#3(49)	2	87	41.6
ff	38.93104290962219	OFF	1	20	C#3(49)	3	93	31.6
ff	38.93104791641235	OFF	1	22	D#3(51)	3	89	38.3
ff	38.93105387687683	OFF	2	28	E6(88)	3	82	51.6
ff	38.931057929992676	OFF	1	24	F3(53)	3	75	84.9
ff	38.93106293678284	OFF	2	29	F6(89)	3	76	73.3
ff	39.249281883239746	ON	3	5	A#1(34)	2	115	3.3
ff	39.249292850494385	ON	1	8	C#2(37)	3	115	1.6
ff	39.24929690361023	ON	4	6	F#4(66)	2	115	1.6
ff	39.249300956726074	ON	3	8	C#2(37)	2	115	3.3
ff	39.24930381774902	ON	1	5	A#1(34)	3	115	1.6
ff	39.24930691719055	ON	2	6	F#4(66)	3	115	3.3
ff	39.2493109703064	ON	4	8	G#4(68)	2	115	3.3
ff	39.249313831329346	ON	1	6	B1(35)	3	115	4.9
ff	39.24936294555664	ON	2	8	G#4(68)	3	115	4.9
ff	39.2494170665741	ON	3	6	B1(35)	2	115	6.6
ff	39.249422788619995	ON	3	11	E2(40)	2	115	1.6
ff	39.24942708015442	ON	4	10	A#4(70)	2	115	6.6
ff	39.249430894851685	ON	2	10	A#4(70)	3	115	6.6
ff	39.24943494796753	ON	1	11	E2(40)	3	115	1.6
ff	39.24943804740906	ON	4	9	A4(69)	2	115	4.9
ff	39.24944186210632	ON	4	4	E4(64)	2	115	4.9
ff	39.24944496154785	ON	4	11	B4(71)	2	115	3.3
ff	39.249449014663696	ON	2	9	A4(69)	3	115	4.9
ff	39.24945282936096	ON	2	11	B4(71)	3	115	3.3
ff	39.24945688247681	ON	4	5	F4(65)	2	114	8.3
ff	39.249459981918335	ON	1	7	C2(36)	3	114	8.3
ff	39.2494637966156	ON	2	4	E4(64)	3	111	11.6
ff	39.249467849731445	ON	4	7	G4(67)	2	115	6.6
ff	39.249470949172974	OFF	1	11	E2(40)	3	115	4.9
ff	39.24947476387024	ON	3	9	D2(38)	2	101	21.6
ff	39.24947786331177	OFF	3	11	E2(40)	2	112	9.9
ff	39.249480962753296	OFF	1	7	C2(36)	3	112	9.9
ff	39.30068278312683	OFF	3	8	C#2(37)	2	88	39.9
ff	39.300694942474365	OFF	4	11	B4(71)	2	114	8.3
ff	39.30070090293884	OFF	2	11	B4(71)	3	114	8.3
ff	39.30070400238037	OFF	4	7	G4(67)	2	109	13.3
ff	39.30070900917053	OFF	1	8	C#2(37)	3	103	19.9
ff	39.30071187019348	OFF	3	9	D2(38)	2	109	13.3
ff	39.300715923309326	OFF	3	6	B1(35)	2	97	26.6
ff	39.300718784332275	OFF	1	5	A#1(34)	3	103	19.9
ff	39.300721883773804	OFF	3	5	A#1(34)	2	107	14.9
ff	39.30072569847107	OFF	4	9	A4(69)	2	107	14.9
ff	39.30072999000549	OFF	4	5	F4(65)	2	90	36.6
ff	39.300750970840454	OFF	4	4	E4(64)	2	103	19.9
ff	39.3007550239563	OFF	4	8	G#4(68)	2	97	26.6
ff	39.300758838653564	OFF	2	9	A4(69)	3	107	14.9
ff	39.30076193809509	OFF	4	6	F#4(66)	2	98	24.9
ff	39.30076599121094	OFF	4	10	A#4(70)	2	94	29.9
ff	39.3007698059082	OFF	2	8	G#4(68)	3	87	41.6
ff	39.30077290534973	OFF	2	10	A#4(70)	3	90	36.6
ff	39.30077910423279	OFF	2	6	F#4(66)	3	79	59.9
ff	39.3515899181366	OFF	2	4	E4(64)	3	77	71.6
ff	39.35160207748413	OFF	1	6	B1(35)	3	82	51.6
ff	39.35160684585571	ON	4	9	A4(69)	2	115	1.6
ff	39.351611852645874	ON	4	6	F#4(66)	2	115	3.3
ff	39.3516161441803	ON	4	8	G#4(68)	2	115	3.3
ff	39.35161876678467	ON	2	8	G#4(68)	3	115	1.6
ff	39.35162305831909	ON	2	9	A4(69)	3	97	26.6
ff	39.35162687301636	ON	4	5	F4(65)	2	115	1.6
ff	39.3516309261322	ON	2	6	F#4(66)	3	115	3.3
ff	39.35163497924805	ON	4	2	D4(62)	2	115	3.3
ff	39.35163879394531	ON	2	5	F4(65)	3	115	1.6
ff	39.35164189338684	ON	4	4	E4(64)	2	115	1.6
ff	39.35164499282837	ON	4	7	G4(67)	2	115	0.0
ff	39.351648807525635	ON	2	4	E4(64)	3	115	1.6
ff	39.35165190696716	ON	2	7	G4(67)	3	115	1.6
ff	39.35165500640869	ON	2	2	D4(62)	3	115	4.9
ff	39.4017539024353	ON	3	5	A#1(34)	2	115	1.6
ff	39.40176296234131	ON	1	5	A#1(34)	3	115	1.6
ff	39.40176701545715	ON	1	8	C#2(37)	3	115	1.6
ff	39.40177011489868	ON	3	8	C#2(37)	2	115	3.3
ff	39.40177392959595	ON	3	4	A1(33)	2	115	3.3
ff	39.401777029037476	ON	1	4	A1(33)	3	115	4.9
ff	39.401780128479004	ON	1	6	B1(35)	3	115	3.3
ff	39.401782751083374	ON	3	6	B1(35)	2	115	4.9
ff	39.401787996292114	ON	3	9	D2(38)	2	115	4.9
ff	39.40179204940796	ON	3	7	C2(36)	2	115	3.3
ff	39.401795864105225	ON	3	11	E2(40)	2	115	3.3
ff	39.40179896354675	ON	1	7	C2(36)	3	115	1.6
ff	39.40180277824402	ON	1	9	D2(38)	3	115	3.3
ff	39.40180587768555	ON	3	2	G1(31)	2	114	8.3
ff	39.40180993080139	ON	1	2	G1(31)	3	115	6.6
ff	39.40181303024292	ON	1	11	E2(40)	3	115	4.9
ff	39.401816844940186	OFF	2	7	G4(67)	3	114	8.3
ff	39.401819944381714	OFF	2	4	E4(64)	3	109	13.3
ff	39.40182399749756	OFF	1	11	E2(40)	3	115	6.6
ff	39.401827812194824	OFF	3	7	C2(36)	2	115	4.9
ff	39.40183091163635	OFF	3	11	E2(40)	2	114	8.3
ff	39.4018349647522	OFF	2	2	D4(62)	3	104	18.3
ff	39.40183782577515	OFF	4	4	E4(64)	2	112	9.9
ff	39.401840925216675	OFF	2	5	F4(65)	3	106	16.6
ff	39.40184497833252	OFF	4	2	D4(62)	2	112	9.9
ff	39.40184783935547	OFF	4	7	G4(67)	2	115	4.9
ff	39.401850938797	OFF	4	5	F4(65)	2	109	13.3
ff	39.45307397842407	OFF	3	6	B1(35)	2	104	18.3
ff	39.45308804512024	OFF	1	7	C2(36)	3	115	6.6
ff	39.45309281349182	OFF	2	6	F#4(66)	3	98	24.9
ff	39.453097105026245	OFF	3	9	D2(38)	2	103	19.9
ff	39.45310091972351	OFF	4	6	F#4(66)	2	107	14.9
ff	39.45310401916504	OFF	1	6	B1(35)	3	112	9.9
ff	39.453108072280884	OFF	4	9	A4(69)	2	109	13.3
ff	39.45311188697815	OFF	4	8	G#4(68)	2	106	16.6
ff	39.45311498641968	OFF	3	4	A1(33)	2	100	23.3
ff	39.453118085861206	OFF	3	8	C#2(37)	2	97	26.6
ff	39.45312190055847	OFF	2	9	A4(69)	3	92	33.3
ff	39.453125953674316	OFF	3	2	G1(31)	2	103	19.9
ff	39.45313000679016	OFF	3	5	A#1(34)	2	109	13.3
ff	39.45313286781311	OFF	1	9	D2(38)	3	103	19.9
ff	39.453136920928955	OFF	1	2	G1(31)	3	104	18.3
ff	39.4531409740448	OFF	2	8	G#4(68)	3	87	41.6
ff	39.45314383506775	OFF	1	4	A1(33)	3	104	18.3
ff	39.453147888183594	OFF	1	5	A#1(34)	3	104	18.3
ff	39.45315098762512	OFF	1	8	C#2(37)	3	106	16.6
ff	39.45315384864807	ON	4	4	E4(64)	2	107	14.9
ff	39.50816082954407	OFF	4	4	E4(64)	2	89	38.3
ff	39.55934691429138	ON	4	1	C#4(61)	2	115	1.6
ff	39.559364795684814	ON	2	1	C#4(61)	3	115	3.3
ff	39.559370040893555	ON	4	6	F#4(66)	2	115	6.6
ff	39.55937385559082	ON	4	5	F4(65)	2	115	4.9
ff	39.559377908706665	ON	4	3	D#4(63)	2	115	3.3
ff	39.55938172340393	ON	3	30	B3(59)	2	115	6.6
ff	39.55938482284546	ON	4	4	E4(64)	2	115	4.9
ff	39.559388875961304	ON	2	3	D#4(63)	3	115	3.3
ff	39.55939292907715	ON	2	5	F4(65)	3	115	6.6
ff	39.55939698219299	ON	2	4	E4(64)	3	115	6.6
ff	39.55940103530884	ON	2	6	F#4(66)	3	112	9.9
ff	39.55942106246948	ON	4	2	D4(62)	2	115	6.6
ff	39.55942487716675	ON	4	0	C4(60)	2	115	6.6
ff	39.559427976608276	OFF	4	2	D4(62)	2	104	18.3
ff	39.55943202972412	ON	3	1	F#1(30)	2	115	3.3
ff	39.55943489074707	OFF	4	0	C4(60)	2	104	18.3
ff	39.5594379901886	ON	1	1	F#1(30)	3	115	3.3
ff	39.610065937042236	ON	3	0	F1(29)	2	114	8.3
ff	39.610076904296875	OFF	4	3	D#4(63)	2	115	4.9
ff	39.61008071899414	OFF	2	3	D#4(63)	3	115	4.9
ff	39.61011791229248	ON	3	2	G1(31)	2	111	11.6
ff	39.61012387275696	OFF	4	5	F4(65)	2	107	14.9
ff	39.6101279258728	ON	1	2	G1(31)	3	109	13.3
ff	39.61013197898865	OFF	3	30	B3(59)	2	107	14.9
ff	39.61013579368591	OFF	2	1	C#4(61)	3	101	21.6
ff	39.61013984680176	OFF	2	5	F4(65)	3	106	16.6
ff	39.61014413833618	OFF	4	1	C#4(61)	2	107	14.9
ff	39.61014676094055	OFF	4	4	E4(64)	2	91	34.9
ff	39.610151052474976	OFF	1	2	G1(31)	3	104	18.3
ff	39.61015510559082	OFF	3	2	G1(31)	2	98	24.9
ff	39.61015796661377	OFF	4	6	F#4(66)	2	104	18.3
ff	39.61016082763672	OFF	3	0	F1(29)	2	85	46.6
ff	39.6636438369751	OFF	3	1	F#1(30)	2	107	14.9
ff	39.66365599632263	OFF	2	6	F#4(66)	3	88	39.9
ff	39.66366195678711	OFF	1	1	F#1(30)	3	100	23.3
ff	39.66366696357727	OFF	2	4	E4(64)	3	87	41.6
ff	39.66367197036743	ON	4	1	C#4(61)	2	115	4.9
ff	39.71426582336426	ON	2	1	C#4(61)	3	115	3.3
ff	39.71427273750305	ON	3	30	B3(59)	2	114	8.3
ff	39.71427583694458	ON	4	6	F#4(66)	2	106	16.6
ff	39.71427798271179	ON	4	5	F4(65)	2	111	11.6
ff	39.71428203582764	ON	4	0	C4(60)	2	115	4.9
ff	39.71428394317627	ON	4	2	D4(62)	2	115	6.6
ff	39.7142858505249	ON	4	3	D#4(63)	2	115	4.9
ff	39.714287996292114	ON	4	4	E4(64)	2	111	11.6
ff	39.71428990364075	OFF	4	3	D#4(63)	2	112	9.9
ff	39.71429204940796	OFF	4	2	D4(62)	2	101	21.6
ff	39.71429371833801	OFF	4	0	C4(60)	2	94	29.9
ff	39.764901876449585	OFF	4	6	F#4(66)	2	88	39.9
ff	39.76490879058838	OFF	4	4	E4(64)	2	91	34.9
ff	39.764912843704224	ON	1	30	B3(59)	3	89	38.3
ff	39.76491713523865	OFF	4	5	F4(65)	2	101	21.6
ff	39.7649188041687	ON	3	0	F1(29)	2	115	4.9
ff	39.76492094993591	ON	3	1	F#1(30)	2	115	4.9
ff	39.764922857284546	ON	1	1	F#1(30)	3	115	3.3
ff	39.76492500305176	ON	3	2	G1(31)	2	115	4.9
ff	39.76492691040039	ON	1	0	F1(29)	3	115	4.9
ff	39.76492881774902	OFF	2	1	C#4(61)	3	92	33.3
ff	39.764930963516235	ON	1	2	G1(31)	3	115	6.6
ff	39.76493287086487	ON	1	4	A1(33)	3	115	6.6
ff	39.76493501663208	ON	1	6	B1(35)	3	114	8.3
ff	39.76493692398071	ON	3	3	G#1(32)	2	115	3.3
ff	39.764938831329346	ON	3	6	B1(35)	2	109	13.3
ff	39.76494073867798	ON	1	3	G#1(32)	3	115	3.3
ff	39.76494288444519	ON	3	4	A1(33)	2	114	8.3
ff	39.7649450302124	OFF	4	1	C#4(61)	2	106	16.6
ff	39.764946937561035	ON	3	7	C2(36)	2	114	8.3
ff	39.76494908332825	OFF	3	30	B3(59)	2	101	21.6
ff	39.7649507522583	ON	1	7	C2(36)	3	111	11.6
ff	39.815770864486694	OFF	3	7	C2(36)	2	106	16.6
ff	39.81578302383423	OFF	1	30	B3(59)	3	80	58.3
ff	39.81578874588013	OFF	1	3	G#1(32)	3	114	8.3
ff	39.815794944763184	OFF	3	3	G#1(32)	2	115	6.6
ff	39.81579875946045	OFF	3	4	A1(33)	2	83	49.9
ff	39.81580400466919	OFF	3	2	G1(31)	2	97	26.6
ff	39.81580877304077	OFF	1	2	G1(31)	3	89	38.3
ff	39.81581401824951	OFF	1	0	F1(29)	3	87	41.6
ff	39.815818786621094	OFF	3	1	F#1(30)	2	111	11.6
ff	39.81582283973694	OFF	1	7	C2(36)	3	82	51.6
ff	39.81582808494568	OFF	1	1	F#1(30)	3	104	18.3
ff	39.86630296707153	OFF	3	0	F1(29)	2	93	31.6
ff	39.86630892753601	OFF	3	6	B1(35)	2	75	84.9
ff	39.86631107330322	OFF	1	4	A1(33)	3	79	61.6
ff	39.86636281013489	ON	3	29	A#3(58)	2	115	1.6
ff	39.86646103858948	OFF	1	6	B1(35)	3	77	69.9
ff	39.8664710521698	ON	4	1	C#4(61)	2	115	3.3
ff	39.86647415161133	ON	1	29	A#3(58)	3	115	3.3
ff	39.8664767742157	ON	4	0	C4(60)	2	115	1.6
ff	39.86647891998291	ON	4	2	D4(62)	2	115	3.3
ff	39.86648082733154	ON	3	27	G#3(56)	2	115	3.3
ff	39.86648392677307	ON	3	30	B3(59)	2	115	3.3
ff	39.866485834121704	ON	1	27	G#3(56)	3	115	3.3
ff	39.86648678779602	ON	3	26	G3(55)	2	115	6.6
ff	39.86649680137634	ON	3	28	A3(57)	2	115	6.6
ff	39.866498947143555	ON	2	2	D4(62)	3	112	9.9
ff	39.86650085449219	ON	1	26	G3(55)	3	115	6.6
ff	39.91697692871094	ON	1	28	A3(57)	3	114	8.3
ff	39.916982889175415	ON	2	1	C#4(61)	3	109	13.3
ff	39.91698479652405	ON	3	0	F1(29)	2	115	4.9
ff	39.916987895965576	ON	1	30	B3(59)	3	103	19.9
ff	39.91699004173279	ON	2	0	C4(60)	3	104	18.3
ff	39.91699194908142	ON	3	1	F#1(30)	2	115	6.6
ff	39.91699481010437	ON	3	2	G1(31)	2	115	6.6
ff	39.91699695587158	ON	1	0	F1(29)	3	115	6.6
ff	39.916998863220215	ON	1	4	A1(33)	3	115	4.9
ff	39.91700100898743	ON	3	4	A1(33)	2	115	6.6
ff	39.91700291633606	ON	1	1	F#1(30)	3	115	4.9
ff	39.91700482368469	ON	1	2	G1(31)	3	101	21.6
ff	39.91700577735901	ON	3	3	G#1(32)	2	115	3.3
ff	39.91700792312622	OFF	1	26	G3(55)	3	94	29.9
ff	39.91701006889343	ON	1	6	B1(35)	3	112	9.9
ff	39.91701292991638	OFF	2	0	C4(60)	3	104	18.3
ff	39.917014837265015	ON	3	6	B1(35)	2	106	16.6
ff	39.91701698303223	OFF	1	28	A3(57)	3	94	29.9
ff	39.91701889038086	OFF	1	27	G#3(56)	3	107	14.9
ff	39.917022943496704	OFF	3	26	G3(55)	2	103	19.9
ff	39.91702485084534	ON	1	3	G#1(32)	3	111	11.6
ff	39.91702675819397	OFF	3	28	A3(57)	2	87	41.6
ff	39.91702890396118	OFF	2	1	C#4(61)	3	89	38.3
ff	39.917031049728394	OFF	3	27	G#3(56)	2	114	8.3
ff	39.96912693977356	OFF	3	30	B3(59)	2	107	14.9
ff	39.9691379070282	OFF	1	3	G#1(32)	3	104	18.3
ff	39.96914291381836	OFF	3	3	G#1(32)	2	114	8.3
ff	39.969146966934204	OFF	2	2	D4(62)	3	98	24.9
ff	39.96915102005005	OFF	4	0	C4(60)	2	111	11.6
ff	39.969154834747314	OFF	4	1	C#4(61)	2	103	19.9
ff	39.96915793418884	OFF	3	4	A1(33)	2	85	44.9
ff	39.96916103363037	OFF	1	4	A1(33)	3	103	19.9
ff	39.96916484832764	OFF	1	30	B3(59)	3	83	49.9
ff	39.969167947769165	OFF	4	2	D4(62)	2	104	18.3
ff	39.96917200088501	OFF	3	2	G1(31)	2	92	33.3
ff	39.969175815582275	OFF	3	29	A#3(58)	2	109	13.3
ff	39.96917986869812	OFF	1	2	G1(31)	3	82	51.6
ff	39.96918296813965	OFF	3	1	F#1(30)	2	104	18.3
ff	39.9691858291626	OFF	3	0	F1(29)	2	103	19.9
ff	39.96918988227844	OFF	1	1	F#1(30)	3	91	34.9
ff	39.96919298171997	OFF	1	29	A#3(58)	3	103	19.9
ff	39.969196796417236	OFF	3	6	B1(35)	2	84	48.3
ff	39.969199895858765	OFF	1	0	F1(29)	3	97	26.6
ff	40.020501136779785	OFF	1	6	B1(35)	3	106	16.6
ff	40.02051377296448	ON	4	1	C#4(61)	2	115	3.3
ff	40.020519971847534	ON	4	0	C4(60)	2	115	3.3
ff	40.020524740219116	ON	4	2	D4(62)	2	96	28.3
ff	40.02053093910217	ON	3	29	A#3(58)	2	115	1.6
ff	40.020535945892334	ON	3	30	B3(59)	2	115	1.6
ff	40.020540952682495	ON	3	27	G#3(56)	2	115	1.6
ff	40.020545959472656	ON	3	28	A3(57)	2	115	1.6
ff	40.02055096626282	ON	1	29	A#3(58)	3	111	11.6
ff	40.0205557346344	ON	1	27	G#3(56)	3	115	1.6
ff	40.02056097984314	ON	1	28	A3(57)	3	85	44.9
ff	40.020565032958984	ON	1	30	B3(59)	3	115	4.9
ff	40.020569801330566	ON	2	2	D4(62)	3	114	8.3
ff	40.02057409286499	ON	2	1	C#4(61)	3	115	6.6
ff	40.02057886123657	ON	2	0	C4(60)	3	114	8.3
ff	40.07109999656677	OFF	2	0	C4(60)	3	92	33.3
ff	40.07111191749573	OFF	1	28	A3(57)	3	103	19.9
ff	40.071117877960205	OFF	3	28	A3(57)	2	109	13.3
ff	40.071122884750366	OFF	1	30	B3(59)	3	90	36.6
ff	40.121206760406494	OFF	2	2	D4(62)	3	92	33.3
ff	40.12121295928955	OFF	3	27	G#3(56)	2	114	8.3
ff	40.12121510505676	OFF	1	27	G#3(56)	3	101	21.6
ff	40.12121772766113	OFF	3	30	B3(59)	2	109	13.3
ff	40.12122082710266	OFF	4	2	D4(62)	2	107	14.9
ff	40.12122297286987	OFF	3	29	A#3(58)	2	109	13.3
ff	40.121225118637085	OFF	4	0	C4(60)	2	107	14.9
ff	40.12123894691467	OFF	1	29	A#3(58)	3	101	21.6
ff	40.121240854263306	OFF	2	1	C#4(61)	3	84	48.3
ff	40.12124300003052	ON	3	10	D#2(39)	2	115	3.3
ff	40.12124490737915	ON	3	13	F#2(42)	2	115	3.3
ff	40.12124705314636	ON	1	10	D#2(39)	3	115	3.3
ff	40.121251821517944	ON	3	9	D2(38)	2	115	3.3
ff	40.121253967285156	ON	3	11	E2(40)	2	115	1.6
ff	40.121257066726685	OFF	4	1	C#4(61)	2	107	14.9
ff	40.12125897407532	ON	1	9	D2(38)	3	115	1.6
ff	40.12126088142395	ON	1	13	F#2(42)	3	115	3.3
ff	40.12126278877258	ON	3	12	F2(41)	2	115	1.6
ff	40.12126398086548	ON	1	12	F2(41)	3	115	1.6
ff	40.12126708030701	ON	3	16	A2(45)	2	115	4.9
ff	40.12126803398132	ON	3	14	G2(43)	2	115	4.9
ff	40.12126970291138	ON	1	11	E2(40)	3	115	1.6
ff	40.17136788368225	ON	1	16	A2(45)	3	115	4.9
ff	40.17137598991394	ON	1	14	G2(43)	3	115	4.9
ff	40.17137908935547	ON	4	1	C#4(61)	2	109	13.3
ff	40.171382904052734	OFF	1	11	E2(40)	3	115	4.9
ff	40.17138600349426	OFF	1	9	D2(38)	3	107	14.9
ff	40.17138886451721	OFF	3	11	E2(40)	2	115	3.3
ff	40.171391010284424	OFF	1	12	F2(41)	3	100	23.3
ff	40.17139387130737	OFF	4	1	C#4(61)	2	109	13.3
ff	40.1713969707489	OFF	3	12	F2(41)	2	104	18.3
ff	40.171398878097534	OFF	1	16	A2(45)	3	103	19.9
ff	40.17140197753906	OFF	3	9	D2(38)	2	107	14.9
ff	40.171403884887695	OFF	3	14	G2(43)	2	103	19.9
ff	40.17140579223633	OFF	1	14	G2(43)	3	109	13.3
ff	40.221529960632324	OFF	3	16	A2(45)	2	106	16.6
ff	40.221566915512085	OFF	3	13	F#2(42)	2	109	13.3
ff	40.22158193588257	OFF	3	10	D#2(39)	2	97	26.6
ff	40.22158980369568	OFF	1	13	F#2(42)	3	85	46.6
ff	40.22159481048584	OFF	1	10	D#2(39)	3	81	54.9
ff	40.22160005569458	ON	4	1	C#4(61)	2	103	19.9
ff	40.22160601615906	ON	3	29	A#3(58)	2	115	1.6
ff	40.22161102294922	ON	2	1	C#4(61)	3	115	3.3
ff	40.22161602973938	ON	3	30	B3(59)	2	115	1.6
ff	40.22162103652954	ON	4	0	C4(60)	2	106	16.6
ff	40.22162580490112	ON	4	2	D4(62)	2	115	3.3
ff	40.22163105010986	ON	1	29	A#3(58)	3	115	3.3
ff	40.221635818481445	ON	4	3	D#4(63)	2	115	3.3
ff	40.221641063690186	ON	4	4	E4(64)	2	115	3.3
ff	40.22164487838745	ON	3	28	A3(57)	2	115	3.3
ff	40.22164988517761	ON	2	2	D4(62)	3	115	4.9
ff	40.272382974624634	ON	2	4	E4(64)	3	115	6.6
ff	40.27238893508911	ON	1	30	B3(59)	3	115	6.6
ff	40.27239203453064	ON	1	28	A3(57)	3	115	4.9
ff	40.27239394187927	ON	2	0	C4(60)	3	112	9.9
ff	40.272395849227905	OFF	2	0	C4(60)	3	98	24.9
ff	40.27239775657654	OFF	1	30	B3(59)	3	107	14.9
ff	40.27239990234375	OFF	2	4	E4(64)	3	103	19.9
ff	40.27240204811096	OFF	2	2	D4(62)	3	107	14.9
ff	40.272403955459595	OFF	3	28	A3(57)	2	107	14.9
ff	40.32396602630615	OFF	4	3	D#4(63)	2	115	6.6
ff	40.32397794723511	OFF	1	29	A#3(58)	3	101	21.6
ff	40.323983907699585	OFF	3	30	B3(59)	2	111	11.6
ff	40.32398986816406	OFF	4	4	E4(64)	2	96	28.3
ff	40.323994874954224	OFF	4	0	C4(60)	2	109	13.3
ff	40.324000120162964	OFF	4	2	D4(62)	2	109	13.3
ff	40.324004888534546	OFF	1	28	A3(57)	3	98	24.9
ff	40.324010133743286	OFF	3	29	A#3(58)	2	104	18.3
ff	40.32401394844055	OFF	2	1	C#4(61)	3	83	49.9
ff	40.32401895523071	OFF	4	1	C#4(61)	2	106	16.6
ff	40.37514781951904	ON	3	20	C#3(49)	2	115	3.3
ff	40.375159740448	ON	3	22	D#3(51)	2	115	1.6
ff	40.375165939331055	ON	3	23	E3(52)	2	115	0.0
ff	40.37517189979553	ON	3	18	B2(47)	2	115	4.9
ff	40.37517595291138	ON	3	19	C3(48)	2	115	1.6
ff	40.375181913375854	ON	1	20	C#3(49)	3	112	9.9
ff	40.3751859664917	ON	3	24	F3(53)	2	115	4.9
ff	40.37519073486328	ON	3	21	D3(50)	2	115	6.6
ff	40.42554783821106	ON	1	19	C3(48)	3	115	6.6
ff	40.42555499076843	OFF	3	19	C3(48)	2	115	6.6
ff	40.42555785179138	OFF	3	18	B2(47)	2	90	36.6
ff	40.425559759140015	OFF	1	20	C#3(49)	3	89	38.3
ff	40.42556285858154	OFF	3	24	F3(53)	2	101	21.6
ff	40.425565004348755	OFF	3	23	E3(52)	2	115	6.6
ff	40.42556691169739	OFF	3	21	D3(50)	2	104	18.3
ff	40.425583839416504	OFF	3	22	D#3(51)	2	101	21.6
ff	40.425585985183716	OFF	3	20	C#3(49)	2	103	19.9
ff	40.42558813095093	OFF	1	19	C3(48)	3	107	14.9
ff	40.47591304779053	ON	4	3	D#4(63)	2	115	1.6
ff	40.475919008255005	ON	4	6	F#4(66)	2	115	3.3
ff	40.475921869277954	ON	4	5	F4(65)	2	115	3.3
ff	40.475924015045166	ON	4	0	C4(60)	2	115	4.9
ff	40.4759259223938	ON	4	2	D4(62)	2	115	4.9
ff	40.47592782974243	ON	4	4	E4(64)	2	115	4.9
ff	40.475929975509644	ON	4	7	G4(67)	2	115	3.3
ff	40.47593092918396	OFF	4	7	G4(67)	2	114	8.3
ff	40.52729082107544	OFF	4	5	F4(65)	2	104	18.3
ff	40.527299880981445	OFF	4	0	C4(60)	2	107	14.9
ff	40.527302980422974	OFF	4	3	D#4(63)	2	115	4.9
ff	40.5273060798645	OFF	4	4	E4(64)	2	81	54.9
ff	40.527307748794556	OFF	4	2	D4(62)	2	80	56.6
ff	40.52730989456177	OFF	4	6	F#4(66)	2	94	29.9
ff	40.57765293121338	ON	3	29	A#3(58)	2	115	1.6
ff	40.57765984535217	ON	3	27	G#3(56)	2	115	1.6
ff	40.5776629447937	ON	3	25	F#3(54)	2	115	3.3
ff	40.577664852142334	ON	3	24	F3(53)	2	115	1.6
ff	40.57766675949097	ON	3	26	G3(55)	2	115	1.6
ff	40.57766890525818	ON	3	28	A3(57)	2	115	3.3
ff	40.57767105102539	ON	3	30	B3(59)	2	115	3.3
ff	40.57767295837402	ON	4	0	C4(60)	2	115	3.3
ff	40.629573822021484	OFF	3	28	A3(57)	2	107	14.9
ff	40.6295850276947	OFF	3	24	F3(53)	2	101	21.6
ff	40.6295907497406	OFF	3	30	B3(59)	2	112	9.9
ff	40.62959694862366	OFF	4	0	C4(60)	2	111	11.6
ff	40.62960195541382	OFF	3	26	G3(55)	2	100	23.3
ff	40.62960696220398	OFF	3	25	F#3(54)	2	106	16.6
ff	40.68013381958008	OFF	3	27	G#3(56)	2	109	13.3
ff	40.68014192581177	ON	4	8	G#4(68)	2	115	0.0
ff	40.680145025253296	ON	4	10	A#4(70)	2	115	1.6
ff	40.68014693260193	OFF	3	29	A#3(58)	2	107	14.9
ff	40.68014979362488	ON	4	5	F4(65)	2	115	3.3
ff	40.68015193939209	ON	4	11	B4(71)	2	115	1.6
ff	40.68016695976257	ON	4	9	A4(69)	2	115	3.3
ff	40.68016791343689	ON	4	12	C5(72)	2	115	3.3
ff	40.68017101287842	ON	4	7	G4(67)	2	115	1.6
ff	40.680171728134155	OFF	4	11	B4(71)	2	115	4.9
ff	40.68017387390137	OFF	4	7	G4(67)	2	115	6.6
ff	40.73035979270935	OFF	4	12	C5(72)	2	89	38.3
ff	40.7303729057312	OFF	4	5	F4(65)	2	109	13.3
ff	40.730379819869995	OFF	4	9	A4(69)	2	106	16.6
ff	40.730384826660156	OFF	4	8	G#4(68)	2	100	23.3
ff	40.73038983345032	OFF	4	10	A#4(70)	2	91	34.9
ff	40.78402376174927	ON	4	1	C#4(61)	2	115	3.3
ff	40.78403282165527	ON	4	3	D#4(63)	2	115	1.6
ff	40.784034967422485	ON	4	0	C4(60)	2	115	1.6
ff	40.784037828445435	ON	4	2	D4(62)	2	115	1.6
ff	40.78403997421265	ON	3	30	B3(59)	2	115	3.3
ff	40.78404211997986	ON	4	4	E4(64)	2	115	3.3
ff	40.78404378890991	ON	4	5	F4(65)	2	115	6.6
ff	40.834789991378784	OFF	4	2	D4(62)	2	112	9.9
ff	40.83480095863342	OFF	4	4	E4(64)	2	107	14.9
ff	40.83480501174927	OFF	4	0	C4(60)	2	114	8.3
ff	40.83481001853943	OFF	3	30	B3(59)	2	111	11.6
ff	40.83481407165527	OFF	4	3	D#4(63)	2	115	4.9
ff	40.83481788635254	OFF	4	1	C#4(61)	2	107	14.9
ff	40.834821939468384	ON	4	13	C#5(73)	2	115	0.0
ff	40.83482599258423	OFF	4	5	F4(65)	2	101	21.6
ff	40.834829807281494	ON	4	15	D#5(75)	2	115	1.6
ff	40.83483386039734	ON	4	12	C5(72)	2	115	1.6
ff	40.83483695983887	ON	4	16	E5(76)	2	115	3.3
ff	40.83484077453613	ON	4	11	B4(71)	2	115	1.6
ff	40.83484506607056	ON	4	14	D5(74)	2	115	3.3
ff	40.834863901138306	ON	4	17	F5(77)	2	115	3.3
ff	40.885523080825806	OFF	4	11	B4(71)	2	115	3.3
ff	40.885534048080444	OFF	4	12	C5(72)	2	106	16.6
ff	40.88553786277771	OFF	4	14	D5(74)	2	104	18.3
ff	40.885541915893555	OFF	4	15	D#5(75)	2	115	4.9
ff	40.8855459690094	OFF	4	16	E5(76)	2	89	38.3
ff	40.88554883003235	OFF	4	13	C#5(73)	2	109	13.3
ff	40.88555192947388	OFF	4	17	F5(77)	2	101	21.6
ff	40.93770694732666	ON	4	8	G#4(68)	2	115	1.6
ff	40.93771982192993	ON	4	6	F#4(66)	2	115	3.3
ff	40.937721967697144	ON	4	10	A#4(70)	2	115	3.3
ff	40.93772506713867	ON	4	5	F4(65)	2	115	3.3
ff	40.937726974487305	ON	4	9	A4(69)	2	115	4.9
ff	40.93772888183594	ON	4	4	E4(64)	2	115	3.3
ff	40.988043785095215	ON	4	7	G4(67)	2	115	3.3
ff	40.98805379867554	OFF	4	5	F4(65)	2	111	11.6
ff	40.988056898117065	OFF	4	9	A4(69)	2	107	14.9
ff	40.98805904388428	OFF	4	7	G4(67)	2	112	9.9
ff	41.03943586349487	OFF	4	4	E4(64)	2	100	23.3
ff	41.03944492340088	OFF	4	8	G#4(68)	2	100	23.3
ff	41.039448976516724	OFF	4	10	A#4(70)	2	98	24.9
ff	41.03945183753967	OFF	4	6	F#4(66)	2	90	36.6
ff	41.0394549369812	ON	4	18	F#5(78)	2	115	0.0
ff	41.03945779800415	ON	4	20	G#5(80)	2	115	0.0
ff	41.03945994377136	ON	4	21	A5(81)	2	115	0.0
ff	41.039461851119995	ON	4	16	E5(76)	2	115	3.3
ff	41.03946399688721	ON	4	23	B5(83)	2	115	1.6
ff	41.03946614265442	ON	4	17	F5(77)	2	115	1.6
ff	41.03946781158447	ON	4	19	G5(79)	2	115	1.6
ff	41.08957815170288	OFF	4	23	B5(83)	2	115	6.6
ff	41.08958697319031	OFF	4	19	G5(79)	2	115	4.9
ff	41.08958983421326	OFF	4	16	E5(76)	2	111	11.6
ff	41.089592933654785	OFF	4	17	F5(77)	2	107	14.9
ff	41.08959603309631	OFF	4	20	G#5(80)	2	103	19.9
ff	41.08959913253784	ON	4	13	C#5(73)	2	115	1.6
ff	41.08960175514221	OFF	4	21	A5(81)	2	104	18.3
ff	41.089603900909424	ON	4	14	D5(74)	2	115	1.6
ff	41.089606046676636	OFF	4	18	F#5(78)	2	101	21.6
ff	41.14468598365784	ON	4	12	C5(72)	2	115	1.6
ff	41.144691944122314	ON	4	11	B4(71)	2	115	1.6
ff	41.144694805145264	ON	4	16	E5(76)	2	115	6.6
ff	41.197624921798706	OFF	4	11	B4(71)	2	112	9.9
ff	41.197640895843506	OFF	4	16	E5(76)	2	106	16.6
ff	41.1976478099823	OFF	4	14	D5(74)	2	103	19.9
ff	41.19765305519104	OFF	4	12	C5(72)	2	79	61.6
ff	41.19765782356262	OFF	4	13	C#5(73)	2	107	14.9
ff	41.24852275848389	ON	4	25	C#6(85)	2	115	0.0
ff	41.24853301048279	ON	4	26	D6(86)	2	115	0.0
ff	41.24853491783142	ON	4	21	A5(81)	2	115	1.6
ff	41.24853801727295	ON	4	23	B5(83)	2	115	0.0
ff	41.24853992462158	ON	4	24	C6(84)	2	115	1.6
ff	41.248542070388794	ON	4	28	E6(88)	2	115	3.3
ff	41.298869132995605	ON	4	16	E5(76)	2	115	1.6
ff	41.2988817691803	ON	4	17	F5(77)	2	115	1.6
ff	41.29888892173767	ON	4	14	D5(74)	2	115	3.3
ff	41.29889488220215	OFF	4	24	C6(84)	2	107	14.9
ff	41.29890012741089	ON	4	19	G5(79)	2	115	0.0
ff	41.29890584945679	OFF	4	23	B5(83)	2	112	9.9
ff	41.29891109466553	ON	4	12	C5(72)	2	115	6.6
ff	41.29891586303711	OFF	4	26	D6(86)	2	106	16.6
ff	41.29892110824585	OFF	4	21	A5(81)	2	106	16.6
ff	41.298924922943115	OFF	4	28	E6(88)	2	82	53.3
ff	41.298929929733276	OFF	4	25	C#6(85)	2	109	13.3
ff	41.35191583633423	OFF	4	12	C5(72)	2	103	19.9
ff	41.35192394256592	OFF	4	19	G5(79)	2	100	23.3
ff	41.40672016143799	OFF	4	16	E5(76)	2	106	16.6
ff	41.406728982925415	OFF	4	17	F5(77)	2	101	21.6
ff	41.406731843948364	OFF	4	14	D5(74)	2	101	21.6
ff	41.9986629486084	ON	4	15	D#5(75)	2	115	0.0
ff	41.9986777305603	ON	4	13	C#5(73)	2	115	3.3
ff	42.05048680305481	ON	4	16	E5(76)	2	115	4.9
ff	42.05049681663513	ON	4	12	C5(72)	2	115	1.6
ff	42.05049991607666	ON	4	17	F5(77)	2	115	4.9
ff	42.05050182342529	ON	4	14	D5(74)	2	115	1.6
ff	42.10093975067139	OFF	4	15	D#5(75)	2	115	3.3
ff	42.10094904899597	OFF	4	16	E5(76)	2	96	28.3
ff	42.10095286369324	OFF	4	12	C5(72)	2	112	9.9
ff	42.10095500946045	OFF	4	14	D5(74)	2	96	28.3
ff	42.10095691680908	OFF	4	17	F5(77)	2	98	24.9
ff	42.100987911224365	OFF	4	13	C#5(73)	2	111	11.6
ff	42.42244577407837	ON	4	13	C#5(73)	2	115	3.3
ff	42.42245697975159	ON	4	15	D#5(75)	2	115	0.0
ff	42.422459840774536	ON	4	16	E5(76)	2	115	4.9
ff	42.422462940216064	ON	4	14	D5(74)	2	115	3.3
ff	42.422465801239014	ON	4	12	C5(72)	2	115	4.9
ff	42.422467947006226	ON	4	17	F5(77)	2	115	4.9
ff	42.42246985435486	ON	4	11	B4(71)	2	115	1.6
ff	42.477843046188354	OFF	4	11	B4(71)	2	114	8.3
ff	42.53092384338379	OFF	4	17	F5(77)	2	94	29.9
ff	42.53093385696411	OFF	4	12	C5(72)	2	90	36.6
ff	42.53093695640564	OFF	4	16	E5(76)	2	89	38.3
ff	42.53094005584717	OFF	4	15	D#5(75)	2	115	4.9
ff	42.5309419631958	OFF	4	14	D5(74)	2	91	34.9
ff	42.53094410896301	OFF	4	13	C#5(73)	2	109	13.3
ff	43.808775901794434	ON	4	13	C#5(73)	2	115	1.6
ff	43.859659910202026	ON	2	13	C#5(73)	3	115	3.3
ff	43.85966897010803	ON	2	15	D#5(75)	3	115	0.0
ff	43.85967183113098	ON	4	15	D#5(75)	2	115	1.6
ff	43.85967493057251	ON	4	16	E5(76)	2	115	3.3
ff	43.85967707633972	ON	2	16	E5(76)	3	115	3.3
ff	43.85967993736267	ON	4	14	D5(74)	2	115	3.3
ff	43.859681844711304	ON	4	17	F5(77)	2	115	4.9
ff	43.85968494415283	ON	2	14	D5(74)	3	115	3.3
ff	43.859686851501465	ON	2	12	C5(72)	3	115	3.3
ff	43.85968899726868	ON	2	17	F5(77)	3	115	6.6
ff	43.859691858291626	ON	4	12	C5(72)	2	115	3.3
ff	43.85969281196594	ON	4	11	B4(71)	2	115	0.0
ff	43.85969591140747	ON	2	11	B4(71)	3	115	1.6
ff	43.85969805717468	OFF	2	11	B4(71)	3	115	4.9
ff	43.859699964523315	OFF	4	11	B4(71)	2	115	4.9
ff	43.91080570220947	OFF	2	17	F5(77)	3	98	24.9
ff	43.910813093185425	OFF	4	17	F5(77)	2	106	16.6
ff	43.910815954208374	OFF	4	12	C5(72)	2	100	23.3
ff	43.91081786155701	OFF	2	12	C5(72)	3	98	24.9
ff	43.91082000732422	OFF	4	14	D5(74)	2	100	23.3
ff	43.91082286834717	OFF	2	14	D5(74)	3	87	41.6
ff	43.91082501411438	OFF	4	16	E5(76)	2	88	39.9
ff	43.91082715988159	OFF	2	16	E5(76)	3	93	31.6
ff	43.910828828811646	OFF	4	15	D#5(75)	2	115	6.6
ff	43.91083097457886	OFF	2	15	D#5(75)	3	114	8.3
ff	43.91083288192749	OFF	4	13	C#5(73)	2	107	14.9
ff	43.96500492095947	OFF	2	13	C#5(73)	3	98	24.9
ff	44.015766859054565	ON	4	13	C#5(73)	2	115	1.6
ff	44.01577687263489	ON	2	13	C#5(73)	3	115	1.6
ff	44.015779972076416	ON	4	15	D#5(75)	2	115	1.6
ff	44.01578402519226	ON	2	15	D#5(75)	3	115	1.6
ff	44.015785932540894	ON	4	12	C5(72)	2	115	3.3
ff	44.015787839889526	ON	2	12	C5(72)	3	115	1.6
ff	44.06603407859802	ON	4	14	D5(74)	2	115	3.3
ff	44.06604886054993	ON	4	16	E5(76)	2	115	6.6
ff	44.06605505943298	ON	2	16	E5(76)	3	115	4.9
ff	44.066059827804565	ON	2	14	D5(74)	3	115	4.9
ff	44.06606483459473	ON	4	17	F5(77)	2	114	8.3
ff	44.06606984138489	ON	4	11	B4(71)	2	115	6.6
ff	44.06607484817505	ON	2	11	B4(71)	3	115	6.6
ff	44.06608009338379	OFF	4	11	B4(71)	2	103	19.9
ff	44.06608486175537	OFF	4	17	F5(77)	2	93	31.6
ff	44.116626024246216	OFF	2	14	D5(74)	3	103	19.9
ff	44.116636991500854	OFF	4	14	D5(74)	2	98	24.9
ff	44.11664080619812	OFF	4	16	E5(76)	2	89	38.3
ff	44.116644859313965	OFF	2	16	E5(76)	3	93	31.6
ff	44.11664795875549	OFF	2	11	B4(71)	3	112	9.9
ff	44.11665105819702	OFF	4	12	C5(72)	2	94	29.9
ff	44.11665391921997	OFF	4	15	D#5(75)	2	115	6.6
ff	44.1166570186615	OFF	2	15	D#5(75)	3	112	9.9
ff	44.11669683456421	OFF	4	13	C#5(73)	2	111	11.6
ff	44.116700887680054	OFF	2	12	C5(72)	3	85	44.9
ff	44.11670780181885	OFF	2	13	C#5(73)	3	94	29.9
ff	44.22210192680359	ON	4	13	C#5(73)	2	115	3.3
ff	44.222110986709595	ON	2	13	C#5(73)	3	115	3.3
ff	44.222113847732544	ON	4	15	D#5(75)	2	115	1.6
ff	44.222115993499756	ON	2	15	D#5(75)	3	115	1.6
ff	44.222118854522705	ON	4	14	D5(74)	2	115	3.3
ff	44.22212195396423	ON	4	16	E5(76)	2	115	3.3
ff	44.22212481498718	ON	2	14	D5(74)	3	115	3.3
ff	44.222126960754395	ON	4	12	C5(72)	2	115	3.3
ff	44.22213006019592	ON	2	12	C5(72)	3	115	3.3
ff	44.222131967544556	ON	2	16	E5(76)	3	115	4.9
ff	44.22213387489319	ON	4	17	F5(77)	2	115	6.6
ff	44.22213697433472	ON	2	17	F5(77)	3	112	9.9
ff	44.22213792800903	ON	2	11	B4(71)	3	115	1.6
ff	44.222139835357666	ON	4	11	B4(71)	2	115	1.6
ff	44.27286410331726	OFF	4	11	B4(71)	2	115	3.3
ff	44.27287292480469	OFF	2	11	B4(71)	3	114	8.3
ff	44.27287578582764	OFF	4	12	C5(72)	2	96	28.3
ff	44.272878885269165	OFF	4	17	F5(77)	2	103	19.9
ff	44.3233847618103	OFF	2	12	C5(72)	3	93	31.6
ff	44.323394775390625	OFF	2	17	F5(77)	3	87	41.6
ff	44.32339906692505	OFF	4	16	E5(76)	2	87	41.6
ff	44.323401927948	OFF	2	16	E5(76)	3	91	34.9
ff	44.32340478897095	OFF	4	14	D5(74)	2	96	28.3
ff	44.32340693473816	OFF	4	13	C#5(73)	2	106	16.6
ff	44.32341003417969	OFF	4	15	D#5(75)	2	115	4.9
ff	44.323413133621216	OFF	2	13	C#5(73)	3	100	23.3
ff	44.32341480255127	OFF	2	15	D#5(75)	3	112	9.9
ff	44.32341694831848	OFF	2	14	D5(74)	3	77	68.3
ff	45.118688106536865	ON	3	22	D#3(51)	2	115	3.3
ff	45.11869812011719	ON	1	22	D#3(51)	3	115	3.3
ff	45.11870193481445	ON	1	20	C#3(49)	3	115	3.3
ff	45.11870503425598	ON	3	17	A#2(46)	2	115	1.6
ff	45.11870813369751	ON	3	20	C#3(49)	2	114	8.3
ff	45.11871075630188	ON	3	25	F#3(54)	2	114	8.3
ff	45.11871385574341	ON	1	17	A#2(46)	3	115	1.6
ff	45.11871600151062	ON	1	25	F#3(54)	3	112	9.9
ff	45.11871910095215	ON	3	19	C3(48)	2	115	0.0
ff	45.1187207698822	ON	3	18	B2(47)	2	115	4.9
ff	45.118722915649414	ON	1	19	C3(48)	3	115	1.6
ff	45.11872601509094	ON	3	13	F#2(42)	2	115	6.6
ff	45.169695138931274	ON	1	18	B2(47)	3	115	3.3
ff	45.16970705986023	ON	1	13	F#2(42)	3	115	6.6
ff	45.169710874557495	ON	3	15	G#2(44)	2	115	4.9
ff	45.16971492767334	ON	1	21	D3(50)	3	112	9.9
ff	45.169718742370605	OFF	3	15	G#2(44)	2	115	4.9
ff	45.169721841812134	OFF	1	21	D3(50)	3	109	13.3
ff	45.16972589492798	OFF	1	19	C3(48)	3	115	6.6
ff	45.16972875595093	OFF	3	19	C3(48)	2	115	4.9
ff	45.16973280906677	OFF	3	25	F#3(54)	2	101	21.6
ff	45.169737100601196	OFF	1	25	F#3(54)	3	88	39.9
ff	45.16974091529846	OFF	1	18	B2(47)	3	112	9.9
ff	45.16974496841431	OFF	3	18	B2(47)	2	101	21.6
ff	45.16974902153015	OFF	3	22	D#3(51)	2	109	13.3
ff	45.1697518825531	OFF	1	22	D#3(51)	3	107	14.9
ff	45.169755935668945	OFF	3	20	C#3(49)	2	101	21.6
ff	45.16975998878479	OFF	1	20	C#3(49)	3	104	18.3
ff	45.16976284980774	OFF	3	13	F#2(42)	2	109	13.3
ff	45.16976594924927	OFF	1	13	F#2(42)	3	109	13.3
ff	45.2248969078064	OFF	3	17	A#2(46)	2	109	13.3
ff	45.224905014038086	OFF	1	17	A#2(46)	3	104	18.3
ff	45.27507781982422	ON	3	18	B2(47)	2	115	3.3
ff	45.27508783340454	ON	1	18	B2(47)	3	115	3.3
ff	45.27509093284607	ON	1	13	F#2(42)	3	115	1.6
ff	45.27509379386902	ON	1	20	C#3(49)	3	115	1.6
ff	45.27509593963623	ON	1	22	D#3(51)	3	115	1.6
ff	45.27509784698486	ON	3	13	F#2(42)	2	115	4.9
ff	45.275099992752075	ON	3	20	C#3(49)	2	115	3.3
ff	45.27513098716736	ON	3	22	D#3(51)	2	115	3.3
ff	45.27513289451599	ON	3	15	G#2(44)	2	115	3.3
ff	45.2751350402832	ON	3	19	C3(48)	2	115	1.6
ff	45.27513670921326	ON	3	21	D3(50)	2	115	3.3
ff	45.27513885498047	ON	1	21	D3(50)	3	115	3.3
ff	45.275141954422	ON	3	16	A2(45)	2	115	4.9
ff	45.27514410018921	ON	3	26	G3(55)	2	114	8.3
ff	45.27514672279358	ON	1	16	A2(45)	3	115	3.3
ff	45.27514886856079	ON	1	19	C3(48)	3	115	3.3
ff	45.275151014328	ON	1	26	G3(55)	3	114	8.3
ff	45.275152921676636	ON	3	24	F3(53)	2	111	11.6
ff	45.275156021118164	ON	3	12	F2(41)	2	115	6.6
ff	45.27515769004822	ON	1	24	F3(53)	3	111	11.6
ff	45.27515983581543	ON	1	12	F2(41)	3	112	9.9
ff	45.32572293281555	ON	3	14	G2(43)	2	112	9.9
ff	45.325732946395874	ON	3	23	E3(52)	2	115	6.6
ff	45.3257360458374	ON	3	11	E2(40)	2	112	9.9
ff	45.32573914527893	OFF	3	11	E2(40)	2	114	8.3
ff	45.32574391365051	OFF	3	23	E3(52)	2	112	9.9
ff	45.32574915885925	OFF	1	16	A2(45)	3	111	11.6
ff	45.32575178146362	OFF	3	14	G2(43)	2	97	26.6
ff	45.32575488090515	OFF	1	12	F2(41)	3	106	16.6
ff	45.325758934020996	OFF	1	19	C3(48)	3	114	8.3
ff	45.32576084136963	OFF	3	16	A2(45)	2	89	38.3
ff	45.32576394081116	OFF	3	21	D3(50)	2	109	13.3
ff	45.32576584815979	OFF	3	12	F2(41)	2	92	33.3
ff	45.325767993927	OFF	3	19	C3(48)	2	115	6.6
ff	45.325770139694214	OFF	3	26	G3(55)	2	89	38.3
ff	45.325772762298584	OFF	1	21	D3(50)	3	109	13.3
ff	45.32577586174011	OFF	1	26	G3(55)	3	91	34.9
ff	45.32577896118164	OFF	3	15	G#2(44)	2	115	4.9
ff	45.32580375671387	OFF	3	24	F3(53)	2	88	39.9
ff	45.325812101364136	OFF	1	18	B2(47)	3	94	29.9
ff	45.3258159160614	OFF	3	18	B2(47)	2	98	24.9
ff	45.325817823410034	OFF	3	20	C#3(49)	2	103	19.9
ff	45.32582092285156	OFF	3	13	F#2(42)	2	107	14.9
ff	45.32584190368652	OFF	3	22	D#3(51)	2	98	24.9
ff	45.38038396835327	OFF	1	20	C#3(49)	3	98	24.9
ff	45.38039302825928	OFF	1	13	F#2(42)	3	97	26.6
ff	45.38039588928223	OFF	1	24	F3(53)	3	92	33.3
ff	45.38039779663086	OFF	1	22	D#3(51)	3	89	38.3
ff	45.432595014572144	ON	3	22	D#3(51)	2	115	3.3
ff	45.43260192871094	ON	1	22	D#3(51)	3	115	1.6
ff	45.432605028152466	ON	1	20	C#3(49)	3	115	3.3
ff	45.432608127593994	ON	3	18	B2(47)	2	115	4.9
ff	45.432610750198364	ON	3	20	C#3(49)	2	115	4.9
ff	45.432612895965576	ON	3	13	F#2(42)	2	115	3.3
ff	45.432615995407104	ON	3	19	C3(48)	2	115	1.6
ff	45.432618141174316	ON	3	26	G3(55)	2	115	3.3
ff	45.43262195587158	ON	1	18	B2(47)	3	115	3.3
ff	45.43262600898743	ON	1	12	F2(41)	3	115	3.3
ff	45.43262791633606	ON	1	13	F#2(42)	3	115	3.3
ff	45.43263077735901	ON	1	19	C3(48)	3	115	1.6
ff	45.43263387680054	ON	1	24	F3(53)	3	115	4.9
ff	45.43263602256775	ON	3	12	F2(41)	2	115	3.3
ff	45.43263912200928	ON	3	15	G#2(44)	2	115	1.6
ff	45.43264079093933	ON	3	16	A2(45)	2	115	4.9
ff	45.43264389038086	ON	3	21	D3(50)	2	115	3.3
ff	45.43264698982239	ON	3	24	F3(53)	2	115	4.9
ff	45.432650089263916	ON	3	11	E2(40)	2	115	0.0
ff	45.432652950286865	ON	1	16	A2(45)	3	115	3.3
ff	45.432655811309814	ON	1	21	D3(50)	3	115	3.3
ff	45.432657957077026	ON	3	23	E3(52)	2	115	1.6
ff	45.432661056518555	ON	1	26	G3(55)	3	114	8.3
ff	45.43266272544861	ON	3	14	G2(43)	2	115	6.6
ff	45.43266582489014	ON	1	11	E2(40)	3	115	1.6
ff	45.432668924331665	ON	1	14	G2(43)	3	115	4.9
ff	45.43267107009888	ON	1	23	E3(52)	3	115	1.6
ff	45.48296880722046	OFF	1	11	E2(40)	3	115	1.6
ff	45.48297882080078	OFF	1	23	E3(52)	3	115	3.3
ff	45.482982873916626	OFF	1	19	C3(48)	3	115	4.9
ff	45.48298716545105	OFF	1	14	G2(43)	3	107	14.9
ff	45.482990980148315	OFF	3	23	E3(52)	2	115	6.6
ff	45.482994079589844	OFF	3	21	D3(50)	2	109	13.3
ff	45.48299789428711	OFF	1	21	D3(50)	3	104	18.3
ff	45.48301696777344	OFF	3	19	C3(48)	2	115	4.9
ff	45.4830219745636	OFF	1	26	G3(55)	3	109	13.3
ff	45.48302483558655	OFF	3	14	G2(43)	2	96	28.3
ff	45.48302912712097	OFF	3	11	E2(40)	2	109	13.3
ff	45.48303294181824	OFF	3	24	F3(53)	2	98	24.9
ff	45.483036041259766	OFF	3	26	G3(55)	2	104	18.3
ff	45.483039140701294	OFF	3	15	G#2(44)	2	115	4.9
ff	45.48304295539856	OFF	1	24	F3(53)	3	91	34.9
ff	45.48304605484009	OFF	3	16	A2(45)	2	90	36.6
ff	45.48304891586304	OFF	1	18	B2(47)	3	90	36.6
ff	45.535013914108276	OFF	1	16	A2(45)	3	86	43.3
ff	45.53502082824707	OFF	3	18	B2(47)	2	90	36.6
ff	45.5350239276886	OFF	3	22	D#3(51)	2	103	19.9
ff	45.53502702713013	OFF	1	12	F2(41)	3	82	53.3
ff	45.53502893447876	OFF	3	12	F2(41)	2	90	36.6
ff	45.53503084182739	OFF	3	20	C#3(49)	2	91	34.9
ff	45.53503394126892	OFF	3	13	F#2(42)	2	104	18.3
ff	45.535035848617554	OFF	1	13	F#2(42)	3	91	34.9
ff	45.53503704071045	OFF	1	22	D#3(51)	3	91	34.9
ff	45.53503894805908	OFF	1	20	C#3(49)	3	87	41.6
ff	46.373453855514526	ON	3	1	F#1(30)	2	115	3.3
ff	46.37346172332764	ON	1	1	F#1(30)	3	115	4.9
ff	46.373464822769165	ON	3	0	F1(29)	2	115	4.9
ff	46.37346696853638	ON	3	3	G#1(32)	2	115	1.6
ff	46.37346887588501	ON	1	3	G#1(32)	3	115	1.6
ff	46.37347197532654	ON	3	2	G1(31)	2	115	6.6
ff	46.37347483634949	ON	1	2	G1(31)	3	115	4.9
ff	46.3734769821167	ON	1	4	A1(33)	3	115	4.9
ff	46.37348008155823	ON	3	4	A1(33)	2	115	6.6
ff	46.37348198890686	ON	3	7	C2(36)	2	115	4.9
ff	46.37348484992981	ON	1	7	C2(36)	3	115	3.3
ff	46.37348699569702	ON	1	0	F1(29)	3	112	9.9
ff	46.373488903045654	ON	3	6	B1(35)	2	109	13.3
ff	46.373491048812866	ON	4	25	C#6(85)	2	115	1.6
ff	46.3734929561615	ON	2	25	C#6(85)	3	115	1.6
ff	46.42357683181763	ON	1	6	B1(35)	3	112	9.9
ff	46.42358589172363	ON	2	27	D#6(87)	3	115	1.6
ff	46.42358994483948	ON	4	27	D#6(87)	2	115	1.6
ff	46.42359209060669	ON	2	28	E6(88)	3	115	4.9
ff	46.42359399795532	ON	4	28	E6(88)	2	115	4.9
ff	46.423595905303955	ON	4	29	F6(89)	2	115	6.6
ff	46.42359900474548	ON	4	26	D6(86)	2	115	4.9
ff	46.42360186576843	ON	2	24	C6(84)	3	115	3.3
ff	46.423604011535645	ON	2	26	D6(86)	3	115	4.9
ff	46.423606872558594	ON	2	29	F6(89)	3	114	8.3
ff	46.42360877990723	ON	4	23	B5(83)	2	115	1.6
ff	46.42361092567444	ON	4	24	C6(84)	2	115	4.9
ff	46.42361307144165	ON	2	23	B5(83)	3	115	0.0
ff	46.4236159324646	OFF	1	7	C2(36)	3	107	14.9
ff	46.42361783981323	OFF	1	0	F1(29)	3	91	34.9
ff	46.42362093925476	OFF	1	6	B1(35)	3	93	31.6
ff	46.42362403869629	OFF	3	7	C2(36)	2	106	16.6
ff	46.42362689971924	OFF	2	23	B5(83)	3	115	4.9
ff	46.42362880706787	OFF	3	6	B1(35)	2	86	43.3
ff	46.4236319065094	OFF	3	4	A1(33)	2	80	56.6
ff	46.42363405227661	OFF	1	2	G1(31)	3	98	24.9
ff	46.423635959625244	OFF	4	23	B5(83)	2	115	4.9
ff	46.42363882064819	OFF	3	0	F1(29)	2	100	23.3
ff	46.423640966415405	OFF	3	2	G1(31)	2	98	24.9
ff	46.423644065856934	OFF	4	24	C6(84)	2	101	21.6
ff	46.476783990859985	OFF	1	4	A1(33)	3	97	26.6
ff	46.47679090499878	OFF	2	24	C6(84)	3	106	16.6
ff	46.47679400444031	OFF	2	26	D6(86)	3	104	18.3
ff	46.47679591178894	OFF	4	26	D6(86)	2	104	18.3
ff	46.47679805755615	OFF	3	3	G#1(32)	2	115	6.6
ff	46.4768009185791	OFF	1	3	G#1(32)	3	111	11.6
ff	46.47681498527527	OFF	2	29	F6(89)	3	106	16.6
ff	46.4768180847168	OFF	4	28	E6(88)	2	104	18.3
ff	46.47681999206543	OFF	4	29	F6(89)	2	104	18.3
ff	46.47682189941406	OFF	2	28	E6(88)	3	106	16.6
ff	46.476823806762695	OFF	4	27	D#6(87)	2	115	6.6
ff	46.476826906204224	OFF	4	25	C#6(85)	2	111	11.6
ff	46.476829051971436	OFF	2	27	D#6(87)	3	109	13.3
ff	46.47683095932007	OFF	1	1	F#1(30)	3	103	19.9
ff	46.4768328666687	OFF	2	25	C#6(85)	3	103	19.9
ff	46.476834774017334	OFF	3	1	F#1(30)	2	106	16.6
ff	46.527010917663574	ON	3	0	F1(29)	2	115	3.3
ff	46.52702188491821	ON	3	1	F#1(30)	2	96	28.3
ff	46.52702808380127	ON	1	1	F#1(30)	3	115	4.9
ff	46.52703285217285	ON	3	2	G1(31)	2	115	4.9
ff	46.52703809738159	ON	1	2	G1(31)	3	115	4.9
ff	46.527042865753174	ON	3	3	G#1(32)	2	115	1.6
ff	46.527047872543335	ON	3	4	A1(33)	2	115	6.6
ff	46.52705192565918	ON	1	4	A1(33)	3	115	4.9
ff	46.52705693244934	ON	1	0	F1(29)	3	114	8.3
ff	46.527060985565186	ON	1	3	G#1(32)	3	115	1.6
ff	46.52706599235535	ON	3	6	B1(35)	2	112	9.9
ff	46.57809591293335	ON	4	25	C#6(85)	2	115	3.3
ff	46.57810187339783	ON	2	25	C#6(85)	3	115	3.3
ff	46.57810378074646	ON	4	26	D6(86)	2	115	4.9
ff	46.578107833862305	ON	1	6	B1(35)	3	114	8.3
ff	46.57810997962952	ON	2	24	C6(84)	3	115	3.3
ff	46.578112840652466	ON	2	26	D6(86)	3	115	4.9
ff	46.5781147480011	ON	2	27	D#6(87)	3	115	1.6
ff	46.57811689376831	ON	2	28	E6(88)	3	86	43.3
ff	46.57811903953552	ON	4	21	A5(81)	2	115	3.3
ff	46.578120946884155	ON	4	23	B5(83)	2	115	0.0
ff	46.57812285423279	ON	4	24	C6(84)	2	115	3.3
ff	46.57812476158142	ON	4	27	D#6(87)	2	115	0.0
ff	46.57812690734863	ON	4	28	E6(88)	2	115	4.9
ff	46.578129053115845	ON	2	21	A5(81)	3	115	4.9
ff	46.57813096046448	ON	3	7	C2(36)	2	115	6.6
ff	46.57813310623169	ON	2	23	B5(83)	3	115	1.6
ff	46.57813596725464	ON	1	7	C2(36)	3	115	3.3
ff	46.57813787460327	OFF	1	7	C2(36)	3	115	6.6
ff	46.57813882827759	OFF	4	27	D#6(87)	2	115	6.6
ff	46.578141927719116	OFF	2	23	B5(83)	3	115	4.9
ff	46.57814407348633	OFF	3	7	C2(36)	2	106	16.6
ff	46.578144788742065	OFF	2	27	D#6(87)	3	114	8.3
ff	46.629446029663086	OFF	4	23	B5(83)	2	115	6.6
ff	46.62945795059204	OFF	4	21	A5(81)	2	107	14.9
ff	46.62946391105652	OFF	4	24	C6(84)	2	98	24.9
ff	46.62947106361389	OFF	1	3	G#1(32)	3	109	13.3
ff	46.629477977752686	OFF	4	28	E6(88)	2	94	29.9
ff	46.62948393821716	OFF	2	21	A5(81)	3	97	26.6
ff	46.62948989868164	OFF	2	25	C#6(85)	3	98	24.9
ff	46.6294949054718	OFF	2	28	E6(88)	3	91	34.9
ff	46.62949895858765	OFF	3	4	A1(33)	2	88	39.9
ff	46.629504919052124	OFF	4	25	C#6(85)	2	104	18.3
ff	46.629509925842285	OFF	3	3	G#1(32)	2	114	8.3
ff	46.62951397895813	OFF	2	24	C6(84)	3	93	31.6
ff	46.62951993942261	OFF	4	26	D6(86)	2	91	34.9
ff	46.62952494621277	OFF	2	26	D6(86)	3	85	44.9
ff	46.62952995300293	OFF	1	0	F1(29)	3	93	31.6
ff	46.62953495979309	OFF	3	0	F1(29)	2	104	18.3
ff	46.629538774490356	OFF	3	2	G1(31)	2	92	33.3
ff	46.6295440196991	OFF	1	2	G1(31)	3	91	34.9
ff	46.62954878807068	OFF	1	4	A1(33)	3	90	36.6
ff	46.62955403327942	OFF	1	1	F#1(30)	3	104	18.3
ff	46.629558801651	OFF	3	1	F#1(30)	2	109	13.3
ff	46.629562854766846	OFF	3	6	B1(35)	2	75	94.9
ff	46.68212270736694	OFF	1	6	B1(35)	3	96	28.3
ff	46.734715938568115	ON	3	0	F1(29)	2	115	1.6
ff	46.73472499847412	ON	3	1	F#1(30)	2	115	3.3
ff	46.73473000526428	ON	3	2	G1(31)	2	115	3.3
ff	46.73473286628723	ON	1	0	F1(29)	3	115	4.9
ff	46.734736919403076	ON	1	1	F#1(30)	3	115	6.6
ff	46.734740018844604	ON	4	25	C#6(85)	2	115	3.3
ff	46.734742879867554	ON	4	28	E6(88)	2	115	4.9
ff	46.7347469329834	ON	2	25	C#6(85)	3	115	1.6
ff	46.73475003242493	ON	2	28	E6(88)	3	115	6.6
ff	46.734763860702515	ON	1	2	G1(31)	3	94	29.9
ff	46.734768867492676	ON	2	24	C6(84)	3	115	3.3
ff	46.73477387428284	ON	2	27	D#6(87)	3	115	1.6
ff	46.73477792739868	ON	4	26	D6(86)	2	115	4.9
ff	46.734784841537476	ON	4	27	D#6(87)	2	115	1.6
ff	46.73478889465332	ON	1	4	A1(33)	3	107	14.9
ff	46.734792947769165	ON	3	3	G#1(32)	2	115	1.6
ff	46.734795808792114	ON	3	4	A1(33)	2	115	6.6
ff	46.73479986190796	ON	2	26	D6(86)	3	115	4.9
ff	46.73480296134949	ON	3	6	B1(35)	2	114	8.3
ff	46.73480677604675	ON	4	24	C6(84)	2	115	4.9
ff	46.73480987548828	ON	1	3	G#1(32)	3	115	3.3
ff	46.734813928604126	ON	1	6	B1(35)	3	115	4.9
ff	46.73481774330139	ON	4	21	A5(81)	2	115	4.9
ff	46.73482084274292	ON	4	23	B5(83)	2	115	1.6
ff	46.73482394218445	ON	2	21	A5(81)	3	115	4.9
ff	46.734827756881714	ON	2	23	B5(83)	3	115	0.0
ff	46.73483085632324	ON	3	7	C2(36)	2	115	6.6
ff	46.73483490943909	ON	1	7	C2(36)	3	115	4.9
ff	46.734837770462036	ON	2	29	F6(89)	3	106	16.6
ff	46.78526973724365	OFF	2	23	B5(83)	3	111	11.6
ff	46.78527593612671	OFF	3	7	C2(36)	2	103	19.9
ff	46.785279989242554	OFF	4	23	B5(83)	2	114	8.3
ff	46.7852828502655	OFF	2	21	A5(81)	3	111	11.6
ff	46.785284996032715	OFF	4	21	A5(81)	2	109	13.3
ff	46.78528809547424	OFF	2	29	F6(89)	3	98	24.9
ff	46.785290002822876	OFF	1	4	A1(33)	3	100	23.3
ff	46.78529191017151	OFF	3	4	A1(33)	2	91	34.9
ff	46.78529381752014	OFF	1	3	G#1(32)	3	101	21.6
ff	46.78529596328735	OFF	4	24	C6(84)	2	97	26.6
ff	46.785297870635986	OFF	1	2	G1(31)	3	89	38.3
ff	46.7853000164032	OFF	3	3	G#1(32)	2	112	9.9
ff	46.78530192375183	OFF	4	26	D6(86)	2	91	34.9
ff	46.785303831100464	OFF	4	27	D#6(87)	2	114	8.3
ff	46.78530693054199	OFF	3	2	G1(31)	2	91	34.9
ff	46.785309076309204	OFF	2	25	C#6(85)	3	101	21.6
ff	46.78531098365784	OFF	4	25	C#6(85)	2	106	16.6
ff	46.78531289100647	OFF	1	7	C2(36)	3	91	34.9
ff	46.785315990448	OFF	2	27	D#6(87)	3	106	16.6
ff	46.78531789779663	OFF	4	28	E6(88)	2	88	39.9
ff	46.78531885147095	OFF	2	24	C6(84)	3	86	43.3
ff	46.83987593650818	OFF	3	6	B1(35)	2	75	93.2
ff	46.839974880218506	OFF	2	26	D6(86)	3	77	71.6
ff	46.83998084068298	OFF	2	28	E6(88)	3	77	71.6
ff	46.83998489379883	OFF	1	0	F1(29)	3	77	68.3
ff	46.83998894691467	OFF	1	6	B1(35)	3	89	38.3
ff	46.83999180793762	OFF	1	1	F#1(30)	3	98	24.9
ff	46.83999490737915	OFF	3	1	F#1(30)	2	107	14.9
ff	46.839998960494995	OFF	3	0	F1(29)	2	93	31.6
ff	48.96967887878418	ON	3	14	G2(43)	2	115	4.9
ff	48.969691038131714	ON	4	7	G4(67)	2	115	3.3
ff	48.969696044921875	ON	4	19	G5(79)	2	115	1.6
ff	48.96970081329346	ON	2	7	G4(67)	3	115	1.6
ff	48.969703912734985	ON	2	19	G5(79)	3	115	1.6
ff	48.96970891952515	ON	3	26	G3(55)	2	115	4.9
ff	48.969712018966675	ON	3	28	A3(57)	2	115	4.9
ff	48.96971607208252	ON	1	14	G2(43)	3	115	4.9
ff	48.96971893310547	ON	1	26	G3(55)	3	115	6.6
ff	48.96972298622131	ON	1	28	A3(57)	3	115	6.6
ff	49.01991105079651	OFF	4	7	G4(67)	2	114	8.3
ff	49.019922971725464	OFF	4	19	G5(79)	2	111	11.6
ff	49.01992678642273	OFF	2	7	G4(67)	3	80	58.3
ff	49.019932985305786	OFF	1	28	A3(57)	3	91	34.9
ff	49.019936084747314	OFF	3	28	A3(57)	2	106	16.6
ff	49.01993989944458	OFF	2	19	G5(79)	3	79	61.6
ff	49.07063412666321	OFF	3	26	G3(55)	2	109	13.3
ff	49.070645809173584	OFF	3	14	G2(43)	2	104	18.3
ff	49.07064986228943	OFF	1	14	G2(43)	3	89	38.3
ff	49.07065391540527	OFF	1	26	G3(55)	3	82	51.6
ff	49.1241979598999	ON	3	26	G3(55)	2	115	6.6
ff	49.124207973480225	ON	4	19	G5(79)	2	115	1.6
ff	49.12421107292175	ON	3	14	G2(43)	2	112	9.9
ff	49.12421369552612	ON	1	26	G3(55)	3	115	6.6
ff	49.12424993515015	ON	2	19	G5(79)	3	115	3.3
ff	49.124253034591675	ON	4	7	G4(67)	2	115	1.6
ff	49.12425494194031	ON	2	7	G4(67)	3	115	1.6
ff	49.12425684928894	ON	1	14	G2(43)	3	114	8.3
ff	49.174813985824585	OFF	1	14	G2(43)	3	90	36.6
ff	49.17482399940491	OFF	4	7	G4(67)	2	114	8.3
ff	49.174827098846436	OFF	3	14	G2(43)	2	107	14.9
ff	49.174829959869385	OFF	4	19	G5(79)	2	114	8.3
ff	49.17483305931091	OFF	2	19	G5(79)	3	85	46.6
ff	49.174834966659546	OFF	2	7	G4(67)	3	79	59.9
ff	49.17483711242676	OFF	3	26	G3(55)	2	106	16.6
ff	49.225329875946045	OFF	1	26	G3(55)	3	89	38.3
ff	49.225337982177734	ON	3	14	G2(43)	2	115	4.9
ff	49.22534108161926	ON	3	26	G3(55)	2	115	3.3
ff	49.27721095085144	ON	1	14	G2(43)	3	115	6.6
ff	49.27722978591919	ON	1	26	G3(55)	3	115	6.6
ff	49.27723407745361	ON	4	7	G4(67)	2	115	1.6
ff	49.27723789215088	ON	4	19	G5(79)	2	115	1.6
ff	49.27723979949951	ON	2	19	G5(79)	3	115	1.6
ff	49.277241945266724	ON	2	7	G4(67)	3	115	1.6
ff	49.32811498641968	OFF	4	7	G4(67)	2	112	9.9
ff	49.32812190055847	OFF	4	19	G5(79)	2	114	8.3
ff	49.328125	OFF	2	7	G4(67)	3	83	49.9
ff	49.32812690734863	OFF	3	26	G3(55)	2	107	14.9
ff	49.32812976837158	OFF	3	14	G2(43)	2	104	18.3
ff	49.328131914138794	OFF	1	14	G2(43)	3	81	54.9
ff	49.32813382148743	OFF	2	19	G5(79)	3	78	64.9
ff	49.37944293022156	OFF	1	26	G3(55)	3	82	51.6
ff	49.379456758499146	ON	3	14	G2(43)	2	114	8.3
ff	49.3794629573822	ON	3	26	G3(55)	2	115	3.3
ff	49.430765867233276	ON	1	26	G3(55)	3	115	3.3
ff	49.430782079696655	ON	4	19	G5(79)	2	115	1.6
ff	49.43078684806824	ON	2	19	G5(79)	3	115	3.3
ff	49.43079400062561	ON	1	14	G2(43)	3	101	21.6
ff	49.430797815322876	ON	4	7	G4(67)	2	115	1.6
ff	49.430803060531616	ON	2	7	G4(67)	3	115	1.6
ff	49.481175899505615	OFF	1	14	G2(43)	3	82	51.6
ff	49.48118305206299	OFF	4	7	G4(67)	2	114	8.3
ff	49.48118591308594	OFF	3	14	G2(43)	2	107	14.9
ff	49.481189012527466	OFF	3	26	G3(55)	2	111	11.6
ff	49.481191873550415	OFF	4	19	G5(79)	2	109	13.3
ff	49.48119401931763	OFF	1	26	G3(55)	3	92	33.3
ff	49.48119592666626	OFF	2	7	G4(67)	3	78	63.3
ff	49.53153395652771	OFF	2	19	G5(79)	3	76	78.3
ff	49.53154802322388	ON	3	26	G3(55)	2	115	1.6
ff	49.58403992652893	ON	3	14	G2(43)	2	115	3.3
ff	49.58404803276062	ON	1	26	G3(55)	3	115	3.3
ff	49.58405089378357	ON	1	14	G2(43)	3	115	4.9
ff	49.58405303955078	ON	4	19	G5(79)	2	115	1.6
ff	49.58405590057373	ON	2	19	G5(79)	3	115	1.6
ff	49.58405780792236	ON	4	7	G4(67)	2	115	3.3
ff	49.584059953689575	ON	2	7	G4(67)	3	115	3.3
ff	49.58406209945679	ON	4	9	A4(69)	2	115	4.9
ff	49.58406400680542	ON	2	9	A4(69)	3	115	6.6
ff	49.63467192649841	OFF	2	7	G4(67)	3	101	21.6
ff	49.634681940078735	OFF	1	26	G3(55)	3	78	63.3
ff	49.63468599319458	OFF	4	7	G4(67)	2	112	9.9
ff	49.63469076156616	OFF	4	19	G5(79)	2	114	8.3
ff	49.63469386100769	OFF	1	14	G2(43)	3	78	64.9
ff	49.634697914123535	OFF	3	26	G3(55)	2	109	13.3
ff	49.634700775146484	OFF	4	9	A4(69)	2	106	16.6
ff	49.63470482826233	OFF	3	14	G2(43)	2	106	16.6
ff	49.686119079589844	OFF	2	19	G5(79)	3	78	66.6
ff	49.68612885475159	OFF	2	9	A4(69)	3	78	63.3
ff	49.73741698265076	ON	3	14	G2(43)	2	115	3.3
ff	49.737427949905396	ON	3	26	G3(55)	2	115	3.3
ff	49.73742985725403	ON	4	7	G4(67)	2	115	1.6
ff	49.73743295669556	ON	1	26	G3(55)	3	115	6.6
ff	49.737436056137085	ON	4	9	A4(69)	2	115	1.6
ff	49.73743796348572	ON	4	19	G5(79)	2	115	1.6
ff	49.73744082450867	ON	2	7	G4(67)	3	115	1.6
ff	49.73744177818298	ON	2	19	G5(79)	3	115	1.6
ff	49.73744487762451	ON	2	9	A4(69)	3	115	3.3
ff	49.73747277259827	ON	4	13	C#5(73)	2	115	1.6
ff	49.73747491836548	ON	4	18	F#5(78)	2	115	4.9
ff	49.78939890861511	OFF	2	7	G4(67)	3	114	8.3
ff	49.789427042007446	OFF	2	9	A4(69)	3	112	9.9
ff	49.789429903030396	OFF	1	26	G3(55)	3	85	44.9
ff	49.78943395614624	OFF	4	13	C#5(73)	2	91	34.9
ff	49.78943586349487	OFF	4	18	F#5(78)	2	90	36.6
ff	49.7894389629364	OFF	2	19	G5(79)	3	91	34.9
ff	49.789440870285034	OFF	4	7	G4(67)	2	114	8.3
ff	49.78944396972656	OFF	4	9	A4(69)	2	98	24.9
ff	49.789445877075195	OFF	4	19	G5(79)	2	114	8.3
ff	49.78944802284241	OFF	3	26	G3(55)	2	111	11.6
ff	49.84201502799988	OFF	3	14	G2(43)	2	103	19.9
ff	49.89382791519165	ON	3	14	G2(43)	2	115	3.3
ff	49.8938467502594	ON	3	26	G3(55)	2	115	1.6
ff	49.89384984970093	ON	4	7	G4(67)	2	115	3.3
ff	49.89385199546814	ON	4	19	G5(79)	2	115	1.6
ff	49.94477295875549	ON	2	7	G4(67)	3	115	3.3
ff	49.94477987289429	ON	2	19	G5(79)	3	115	3.3
ff	49.94478178024292	OFF	2	7	G4(67)	3	115	4.9
ff	49.94478487968445	OFF	2	19	G5(79)	3	112	9.9
ff	49.944786071777344	OFF	4	7	G4(67)	2	114	8.3
ff	49.94478797912598	OFF	4	19	G5(79)	2	111	11.6
ff	49.99690389633179	OFF	3	26	G3(55)	2	112	9.9
ff	49.99691081047058	OFF	3	14	G2(43)	2	103	19.9
ff	50.047399044036865	ON	4	7	G4(67)	2	115	1.6
ff	50.04742097854614	ON	4	19	G5(79)	2	115	1.6
ff	50.047425746917725	ON	3	14	G2(43)	2	115	3.3
ff	50.04742789268494	ON	3	26	G3(55)	2	115	1.6
ff	50.04743003845215	ON	2	19	G5(79)	3	115	4.9
ff	50.09963607788086	OFF	2	19	G5(79)	3	109	13.3
ff	50.1547749042511	OFF	4	7	G4(67)	2	112	9.9
ff	50.15480589866638	OFF	4	19	G5(79)	2	109	13.3
ff	50.15480995178223	OFF	3	26	G3(55)	2	109	13.3
ff	50.209941148757935	OFF	3	14	G2(43)	2	98	24.9
mf	3.9376370906829834	ON	3	26	G3(55)	2	100	23.3
mf	3.9376559257507324	ON	3	19	C3(48)	2	75	101.6
mf	3.992422103881836	ON	4	4	E4(64)	2	101	21.6
mf	3.9924330711364746	ON	4	12	C5(72)	2	115	6.6
mf	4.421720027923584	OFF	4	4	E4(64)	2	101	21.6
mf	4.53202486038208	OFF	4	12	C5(72)	2	103	19.9
mf	4.532044887542725	OFF	3	26	G3(55)	2	100	23.3
mf	4.583559989929199	OFF	3	19	C3(48)	2	75	601.4
mf	4.583571195602417	ON	3	26	G3(55)	2	111	11.6
mf	4.583575010299683	ON	4	0	C4(60)	2	115	6.6
mf	4.583578109741211	ON	3	23	E3(52)	2	115	3.3
mf	4.634055137634277	ON	4	12	C5(72)	2	115	4.9
mf	5.116073131561279	OFF	4	0	C4(60)	2	101	21.6
mf	5.116084098815918	OFF	3	26	G3(55)	2	98	24.9
mf	5.170275926589966	OFF	4	12	C5(72)	2	101	21.6
mf	5.225466966629028	OFF	3	23	E3(52)	2	75	79.9
mf	5.225477933883667	ON	4	12	C5(72)	2	115	6.6
mf	5.225481986999512	ON	4	4	E4(64)	2	115	6.6
mf	5.225484848022461	ON	3	19	C3(48)	2	115	4.9
mf	5.225486993789673	ON	3	26	G3(55)	2	115	6.6
mf	5.711104869842529	OFF	3	19	C3(48)	2	75	349.8
mf	5.711114883422852	OFF	4	4	E4(64)	2	101	21.6
mf	5.818387031555176	ON	4	2	D4(62)	2	114	8.3
mf	5.871965169906616	ON	3	30	B3(59)	2	104	18.3
mf	5.871977090835571	ON	4	0	C4(60)	2	111	11.6
mf	5.871978998184204	ON	4	7	G4(67)	2	115	4.9
mf	5.871983051300049	OFF	4	0	C4(60)	2	103	19.9
mf	5.923979997634888	OFF	4	12	C5(72)	2	82	51.6
mf	6.139246940612793	ON	4	9	A4(69)	2	115	4.9
mf	6.139256000518799	OFF	4	2	D4(62)	2	96	28.3
mf	6.246220827102661	OFF	4	7	G4(67)	2	83	49.9
mf	6.297099828720093	OFF	3	26	G3(55)	2	103	19.9
mf	6.401102066040039	OFF	4	9	A4(69)	2	103	19.9
mf	6.451739072799683	ON	4	7	G4(67)	2	115	3.3
mf	6.451747894287109	ON	4	11	B4(71)	2	115	3.3
mf	6.451752185821533	ON	3	23	E3(52)	2	115	4.9
mf	6.8869218826293945	OFF	4	7	G4(67)	2	75	128.2
mf	6.994694948196411	ON	4	4	E4(64)	2	90	36.6
mf	7.045208930969238	ON	3	28	A3(57)	2	94	29.9
mf	7.045215129852295	OFF	3	23	E3(52)	2	106	16.6
mf	7.045217990875244	ON	4	12	C5(72)	2	115	6.6
mf	7.097996950149536	OFF	4	11	B4(71)	2	75	101.6
mf	7.3125159740448	ON	4	11	B4(71)	2	115	3.3
mf	7.312525033950806	OFF	3	30	B3(59)	2	98	24.9
mf	7.416808128356934	OFF	4	12	C5(72)	2	75	113.2
mf	7.471941947937012	OFF	4	4	E4(64)	2	97	26.6
mf	7.573481798171997	ON	3	21	D3(50)	2	84	48.3
mf	7.573490142822266	ON	4	2	D4(62)	2	109	13.3
mf	7.573492050170898	ON	4	9	A4(69)	2	115	4.9
mf	7.628623962402344	OFF	3	28	A3(57)	2	98	24.9
mf	7.6798059940338135	OFF	4	11	B4(71)	2	77	71.6
mf	7.730243921279907	OFF	3	21	D3(50)	2	103	19.9
mf	7.835453987121582	ON	4	0	C4(60)	2	115	6.6
mf	7.8354668617248535	ON	3	30	B3(59)	2	109	13.3
mf	7.890588045120239	OFF	3	30	B3(59)	2	96	28.3
mf	7.999692916870117	OFF	4	2	D4(62)	2	98	24.9
mf	8.158215045928955	ON	3	26	G3(55)	2	114	8.3
mf	8.15822696685791	ON	3	30	B3(59)	2	115	6.6
mf	8.211469888687134	ON	4	7	G4(67)	2	115	1.6
mf	8.262869834899902	OFF	4	9	A4(69)	2	100	23.3
mf	8.314611196517944	OFF	4	0	C4(60)	2	107	14.9
mf	8.798139095306396	ON	3	28	A3(57)	2	98	24.9
mf	8.798151016235352	ON	4	12	C5(72)	2	115	6.6
mf	8.798157930374146	ON	4	4	E4(64)	2	111	11.6
mf	8.849318027496338	OFF	3	30	B3(59)	2	103	19.9
mf	8.849331140518188	OFF	3	26	G3(55)	2	100	23.3
mf	8.84933590888977	OFF	4	7	G4(67)	2	75	116.6
mf	9.324238061904907	OFF	4	12	C5(72)	2	100	23.3
mf	9.376152038574219	ON	3	26	G3(55)	2	92	33.3
mf	9.376167058944702	ON	4	11	B4(71)	2	115	3.3
mf	9.429126977920532	ON	3	23	E3(52)	2	115	4.9
mf	9.481364965438843	OFF	3	28	A3(57)	2	100	23.3
mf	9.801344871520996	OFF	4	11	B4(71)	2	103	19.9
mf	9.80135703086853	OFF	4	4	E4(64)	2	101	21.6
mf	10.015723943710327	ON	3	24	F3(53)	2	84	48.3
mf	10.01573395729065	ON	4	0	C4(60)	2	115	4.9
mf	10.015735864639282	OFF	3	26	G3(55)	2	100	23.3
mf	10.015742063522339	ON	3	30	B3(59)	2	115	4.9
mf	10.015744924545288	ON	4	9	A4(69)	2	115	3.3
mf	10.0157470703125	OFF	3	23	E3(52)	2	109	13.3
mf	10.171820878982544	OFF	3	30	B3(59)	2	107	14.9
mf	10.489889860153198	OFF	4	9	A4(69)	2	101	21.6
mf	10.54295802116394	ON	4	7	G4(67)	2	115	3.3
mf	10.542964935302734	ON	3	23	E3(52)	2	115	3.3
mf	10.542966842651367	ON	3	19	C3(48)	2	115	6.6
mf	10.597903966903687	OFF	3	24	F3(53)	2	75	89.9
mf	10.970426082611084	OFF	4	0	C4(60)	2	100	23.3
mf	11.076303958892822	ON	3	16	A2(45)	2	107	14.9
mf	11.076328039169312	ON	4	0	C4(60)	2	112	9.9
mf	11.076331853866577	ON	4	9	A4(69)	2	115	4.9
mf	11.13109016418457	OFF	3	19	C3(48)	2	75	574.7
mf	11.23823595046997	OFF	4	7	G4(67)	2	82	51.6
mf	11.447033882141113	OFF	3	23	E3(52)	2	83	49.9
mf	11.497620105743408	OFF	4	0	C4(60)	2	98	24.9
mf	11.497634887695312	OFF	4	9	A4(69)	2	97	26.6
mf	11.548117876052856	ON	3	21	D3(50)	2	97	26.6
mf	11.65691614151001	ON	3	24	F3(53)	2	109	13.3
mf	11.711369752883911	OFF	3	16	A2(45)	2	94	29.9
mf	11.711377143859863	ON	3	28	A3(57)	2	96	28.3
mf	11.865561962127686	ON	4	5	F4(65)	2	107	14.9
mf	11.865571975708008	ON	4	7	G4(67)	2	115	3.3
mf	12.184574127197266	OFF	4	7	G4(67)	2	75	294.8
mf	12.236860036849976	OFF	4	5	F4(65)	2	96	28.3
mf	12.292001008987427	ON	4	5	F4(65)	2	115	6.6
mf	12.292009830474854	ON	4	4	E4(64)	2	115	4.9
mf	12.453519105911255	OFF	4	4	E4(64)	2	106	16.6
mf	12.558695077896118	OFF	3	21	D3(50)	2	97	26.6
mf	12.609971046447754	OFF	3	24	F3(53)	2	92	33.3
mf	12.71673583984375	ON	3	14	G2(43)	2	78	64.9
mf	12.767230749130249	OFF	4	5	F4(65)	2	96	28.3
mf	12.875118970870972	ON	3	24	F3(53)	2	98	24.9
mf	12.925497055053711	ON	4	4	E4(64)	2	115	6.6
mf	13.19821310043335	ON	4	2	D4(62)	2	114	8.3
mf	13.35707402229309	OFF	3	28	A3(57)	2	98	24.9
mf	13.464601993560791	OFF	4	4	E4(64)	2	96	28.3
mf	13.571763038635254	OFF	3	24	F3(53)	2	97	26.6
mf	13.728978157043457	ON	3	19	C3(48)	2	114	8.3
mf	13.834143877029419	OFF	3	14	G2(43)	2	92	33.3
mf	13.834150075912476	ON	3	23	E3(52)	2	115	3.3
mf	13.940762042999268	ON	4	0	C4(60)	2	115	3.3
mf	13.995735883712769	OFF	4	2	D4(62)	2	103	19.9
mf	14.789649963378906	OFF	3	19	C3(48)	2	75	314.8
mf	14.789663791656494	OFF	3	23	E3(52)	2	93	31.6
mf	14.841701984405518	OFF	4	0	C4(60)	2	101	21.6
mf	15.425619125366211	ON	1	24	F3(53)	3	103	19.9
mf	15.640229940414429	ON	1	19	C3(48)	3	115	3.3
mf	15.640242099761963	ON	1	26	G3(55)	3	111	11.6
mf	15.745652198791504	ON	2	12	C5(72)	3	107	14.9
mf	15.745659112930298	ON	2	4	E4(64)	3	94	29.9
mf	15.74566388130188	OFF	1	24	F3(53)	3	75	99.9
mf	16.016324996948242	OFF	2	4	E4(64)	3	82	51.6
mf	16.22567582130432	OFF	2	12	C5(72)	3	86	43.3
mf	16.276887893676758	ON	2	0	C4(60)	3	85	46.6
mf	16.328742027282715	ON	2	12	C5(72)	3	111	11.6
mf	16.32875394821167	ON	1	23	E3(52)	3	115	3.3
mf	16.328759908676147	OFF	1	19	C3(48)	3	100	23.3
mf	16.7007839679718	OFF	2	0	C4(60)	3	91	34.9
mf	16.752495050430298	OFF	1	26	G3(55)	3	93	31.6
mf	16.75250506401062	OFF	2	12	C5(72)	3	88	39.9
mf	16.80375909805298	OFF	1	23	E3(52)	3	86	43.3
mf	16.85767388343811	ON	2	12	C5(72)	3	111	11.6
mf	16.857707977294922	ON	1	19	C3(48)	3	115	3.3
mf	16.857712984085083	ON	1	26	G3(55)	3	111	11.6
mf	16.85771679878235	ON	2	4	E4(64)	3	112	9.9
mf	17.06628179550171	ON	1	24	F3(53)	3	98	24.9
mf	17.27926802635193	OFF	1	24	F3(53)	3	76	78.3
mf	17.330161094665527	OFF	2	4	E4(64)	3	88	39.9
mf	17.43467092514038	OFF	1	19	C3(48)	3	93	31.6
mf	17.434686183929443	ON	2	2	D4(62)	3	112	9.9
mf	17.434694051742554	ON	2	7	G4(67)	3	115	3.3
mf	17.43470001220703	ON	1	30	B3(59)	3	109	13.3
mf	17.543966054916382	OFF	2	12	C5(72)	3	80	58.3
mf	17.70510983467102	ON	2	9	A4(69)	3	112	9.9
mf	17.812790870666504	OFF	2	2	D4(62)	3	87	41.6
mf	17.867935180664062	OFF	2	7	G4(67)	3	87	41.6
mf	17.92284393310547	OFF	1	26	G3(55)	3	93	31.6
mf	18.028947114944458	ON	1	23	E3(52)	3	115	4.9
mf	18.028953075408936	ON	2	11	B4(71)	3	115	3.3
mf	18.028955936431885	ON	2	7	G4(67)	3	115	3.3
mf	18.1342670917511	OFF	2	9	A4(69)	3	98	24.9
mf	18.567442178726196	ON	1	28	A3(57)	3	107	14.9
mf	18.567453145980835	ON	2	4	E4(64)	3	96	28.3
mf	18.617705821990967	OFF	1	23	E3(52)	3	106	16.6
mf	18.617716789245605	ON	2	12	C5(72)	3	115	4.9
mf	18.61772108078003	OFF	2	11	B4(71)	3	109	13.3
mf	18.670961141586304	OFF	2	7	G4(67)	3	103	19.9
mf	18.831028938293457	ON	2	11	B4(71)	3	115	1.6
mf	18.93659996986389	OFF	1	30	B3(59)	3	82	53.3
mf	19.096320867538452	ON	1	21	D3(50)	3	82	51.6
mf	19.15138292312622	ON	2	9	A4(69)	3	115	3.3
mf	19.15139603614807	ON	2	2	D4(62)	3	111	11.6
mf	19.203221797943115	OFF	1	28	A3(57)	3	88	39.9
mf	19.203231811523438	OFF	2	12	C5(72)	3	82	51.6
mf	19.30845880508423	OFF	2	11	B4(71)	3	88	39.9
mf	19.30847406387329	OFF	2	4	E4(64)	3	75	118.2
mf	19.36231303215027	OFF	1	21	D3(50)	3	87	41.6
mf	19.412564039230347	ON	2	0	C4(60)	3	112	9.9
mf	19.565618991851807	OFF	2	2	D4(62)	3	90	36.6
mf	19.726815223693848	ON	1	26	G3(55)	3	89	38.3
mf	19.72682213783264	ON	1	30	B3(59)	3	115	4.9
mf	19.72682499885559	ON	2	7	G4(67)	3	115	3.3
mf	19.83339786529541	OFF	2	9	A4(69)	3	104	18.3
mf	19.833410024642944	OFF	2	0	C4(60)	3	93	31.6
mf	20.31293797492981	ON	1	28	A3(57)	3	75	99.9
mf	20.31298303604126	ON	2	12	C5(72)	3	109	13.3
mf	20.363842964172363	ON	2	4	E4(64)	3	103	19.9
mf	20.363849878311157	OFF	1	30	B3(59)	3	85	46.6
mf	20.417985916137695	OFF	2	7	G4(67)	3	93	31.6
mf	20.46881604194641	OFF	1	26	G3(55)	3	93	31.6
mf	20.89569592475891	OFF	2	4	E4(64)	3	82	51.6
mf	20.89571189880371	OFF	2	12	C5(72)	3	96	28.3
mf	20.895715951919556	ON	1	26	G3(55)	3	75	234.9
mf	20.947423934936523	ON	1	23	E3(52)	3	115	6.6
mf	20.94743585586548	ON	2	11	B4(71)	3	115	3.3
mf	20.947442054748535	ON	2	4	E4(64)	3	114	8.3
mf	21.055519104003906	OFF	1	28	A3(57)	3	85	44.9
mf	21.320487022399902	OFF	2	4	E4(64)	3	85	44.9
mf	21.37570810317993	OFF	2	11	B4(71)	3	91	34.9
mf	21.481653928756714	ON	1	24	F3(53)	3	80	58.3
mf	21.481664896011353	ON	2	9	A4(69)	3	112	9.9
mf	21.48166799545288	ON	2	0	C4(60)	3	114	8.3
mf	21.587621927261353	OFF	1	23	E3(52)	3	98	24.9
mf	21.587634086608887	OFF	1	26	G3(55)	3	92	33.3
mf	21.961808919906616	OFF	2	0	C4(60)	3	89	38.3
mf	22.012847900390625	OFF	2	9	A4(69)	3	93	31.6
mf	22.012857913970947	ON	2	7	G4(67)	3	115	1.6
mf	22.012861013412476	ON	2	0	C4(60)	3	115	4.9
mf	22.01286292076111	ON	1	23	E3(52)	3	114	8.3
mf	22.064422130584717	ON	1	19	C3(48)	3	115	4.9
mf	22.064437866210938	ON	2	9	A4(69)	3	98	24.9
mf	22.115767002105713	OFF	2	9	A4(69)	3	80	58.3
mf	22.17007803916931	OFF	1	24	F3(53)	3	87	41.6
mf	22.493632793426514	OFF	2	0	C4(60)	3	88	39.9
mf	22.60159206390381	ON	2	9	A4(69)	3	115	6.6
mf	22.601600885391235	ON	2	0	C4(60)	3	109	13.3
mf	22.601603031158447	ON	1	16	A2(45)	3	92	33.3
mf	22.706401824951172	OFF	2	7	G4(67)	3	106	16.6
mf	22.70641303062439	OFF	1	19	C3(48)	3	97	26.6
mf	23.079833984375	OFF	2	0	C4(60)	3	91	34.9
mf	23.07984495162964	OFF	1	23	E3(52)	3	92	33.3
mf	23.079848051071167	ON	1	21	D3(50)	3	75	84.9
mf	23.13499402999878	OFF	2	9	A4(69)	3	94	29.9
mf	23.18846893310547	ON	1	23	E3(52)	3	114	8.3
mf	23.188477993011475	ON	1	24	F3(53)	3	104	18.3
mf	23.23876190185547	OFF	1	16	A2(45)	3	94	29.9
mf	23.23877215385437	ON	1	28	A3(57)	3	83	49.9
mf	23.29232907295227	OFF	1	23	E3(52)	3	107	14.9
mf	23.34568214416504	ON	2	5	F4(65)	3	79	61.6
mf	23.345693111419678	ON	2	7	G4(67)	3	115	4.9
mf	23.455920934677124	OFF	2	5	F4(65)	3	90	36.6
mf	23.614448070526123	OFF	2	7	G4(67)	3	93	31.6
mf	23.721214056015015	ON	2	5	F4(65)	3	115	6.6
mf	23.9917049407959	ON	2	4	E4(64)	3	90	36.6
mf	24.150043964385986	OFF	1	24	F3(53)	3	85	44.9
mf	24.150055170059204	OFF	2	5	F4(65)	3	89	38.3
mf	24.25640296936035	ON	1	14	G2(43)	3	94	29.9
mf	24.256412982940674	OFF	2	4	E4(64)	3	94	29.9
mf	24.310138940811157	ON	1	26	G3(55)	3	112	9.9
mf	24.362469911575317	OFF	1	21	D3(50)	3	93	31.6
mf	24.362483024597168	ON	2	4	E4(64)	3	115	6.6
mf	24.4656720161438	OFF	1	28	A3(57)	3	91	34.9
mf	24.520813941955566	ON	2	2	D4(62)	3	115	4.9
mf	24.679481983184814	OFF	2	4	E4(64)	3	87	41.6
mf	25.15653896331787	OFF	1	26	G3(55)	3	80	58.3
mf	25.4255530834198	ON	1	19	C3(48)	3	115	3.3
mf	25.530797958374023	ON	1	23	E3(52)	3	115	6.6
mf	25.530807971954346	OFF	1	14	G2(43)	3	98	24.9
mf	25.58438992500305	ON	2	0	C4(60)	3	115	3.3
mf	25.635080099105835	OFF	2	2	D4(62)	3	106	16.6
mf	26.70003604888916	OFF	1	19	C3(48)	3	96	28.3
mf	26.75274682044983	OFF	1	23	E3(52)	3	85	46.6
mf	26.75275683403015	OFF	2	0	C4(60)	3	88	39.9
mf	26.86224389076233	ON	1	23	E3(52)	3	115	4.9
mf	26.862255096435547	ON	2	0	C4(60)	3	91	34.9
mf	26.862257957458496	ON	1	19	C3(48)	3	115	4.9
mf	27.395648956298828	OFF	1	19	C3(48)	3	106	16.6
mf	27.44770383834839	OFF	2	0	C4(60)	3	87	41.6
mf	27.447722911834717	ON	2	7	G4(67)	3	115	1.6
mf	27.44772696495056	ON	2	0	C4(60)	3	109	13.3
mf	27.501833200454712	ON	1	19	C3(48)	3	115	3.3
mf	27.925002813339233	OFF	2	0	C4(60)	3	88	39.9
mf	27.92504906654358	OFF	2	7	G4(67)	3	94	29.9
mf	28.03433895111084	ON	2	9	A4(69)	3	115	6.6
mf	28.034353971481323	ON	2	0	C4(60)	3	89	38.3
mf	28.0343599319458	ON	1	16	A2(45)	3	98	24.9
mf	28.03436517715454	ON	2	4	E4(64)	3	114	8.3
mf	28.08537006378174	OFF	1	19	C3(48)	3	103	19.9
mf	28.138211965560913	OFF	1	23	E3(52)	3	78	66.6
mf	28.51102614402771	OFF	2	4	E4(64)	3	85	44.9
mf	28.511038064956665	OFF	2	0	C4(60)	3	82	53.3
mf	28.511039972305298	OFF	2	9	A4(69)	3	93	31.6
mf	28.61501717567444	ON	1	18	B2(47)	3	104	18.3
mf	28.615024089813232	ON	1	30	B3(59)	3	104	18.3
mf	28.61502718925476	ON	2	2	D4(62)	3	114	8.3
mf	28.670142889022827	ON	2	7	G4(67)	3	115	1.6
mf	28.724268913269043	OFF	1	16	A2(45)	3	85	46.6
mf	28.886039972305298	ON	1	19	C3(48)	3	115	3.3
mf	28.99337100982666	OFF	1	18	B2(47)	3	98	24.9
mf	29.095700979232788	OFF	2	2	D4(62)	3	87	41.6
mf	29.09571123123169	OFF	1	30	B3(59)	3	85	44.9
mf	29.1506609916687	OFF	2	7	G4(67)	3	90	36.6
mf	29.15067195892334	ON	1	21	D3(50)	3	87	41.6
mf	29.204542875289917	ON	2	6	F#4(66)	3	114	8.3
mf	29.204553842544556	ON	1	28	A3(57)	3	112	9.9
mf	29.2045578956604	ON	2	2	D4(62)	3	112	9.9
mf	29.258223056793213	OFF	1	19	C3(48)	3	107	14.9
mf	29.47067880630493	ON	2	0	C4(60)	3	109	13.3
mf	29.57817578315735	OFF	1	28	A3(57)	3	88	39.9
mf	29.73039197921753	ON	1	14	G2(43)	3	97	26.6
mf	29.783822059631348	OFF	2	0	C4(60)	3	92	33.3
mf	29.834446907043457	OFF	1	21	D3(50)	3	89	38.3
mf	29.834458112716675	OFF	2	2	D4(62)	3	88	39.9
mf	29.834481954574585	ON	1	26	G3(55)	3	114	8.3
mf	29.887796878814697	OFF	2	6	F#4(66)	3	106	16.6
mf	29.941845893859863	ON	1	30	B3(59)	3	112	9.9
mf	30.04725217819214	ON	2	7	G4(67)	3	115	1.6
mf	30.999391794204712	OFF	1	30	B3(59)	3	87	41.6
mf	31.053432941436768	OFF	1	26	G3(55)	3	97	26.6
mf	31.05344295501709	OFF	2	7	G4(67)	3	90	36.6
mf	31.105404138565063	OFF	1	14	G2(43)	3	87	41.6
mf	32.85519814491272	ON	4	4	E4(64)	2	98	24.9
mf	32.90831708908081	ON	4	12	C5(72)	2	115	6.6
mf	32.908329010009766	ON	3	19	C3(48)	2	115	6.6
mf	32.908331871032715	ON	3	26	G3(55)	2	114	8.3
mf	32.90833497047424	ON	2	12	C5(72)	3	114	8.3
mf	32.908337116241455	ON	1	26	G3(55)	3	111	11.6
mf	32.90833902359009	ON	1	19	C3(48)	3	114	8.3
mf	32.90834093093872	ON	2	4	E4(64)	3	103	19.9
mf	33.334985971450806	OFF	2	4	E4(64)	3	75	223.2
mf	33.33499789237976	OFF	4	4	E4(64)	2	103	19.9
mf	33.43683195114136	OFF	3	26	G3(55)	2	98	24.9
mf	33.43684482574463	OFF	1	26	G3(55)	3	86	43.3
mf	33.43684792518616	OFF	1	19	C3(48)	3	75	496.4
mf	33.436851024627686	OFF	4	12	C5(72)	2	104	18.3
mf	33.4876971244812	OFF	2	12	C5(72)	3	75	96.6
mf	33.48770713806152	ON	4	0	C4(60)	2	114	8.3
mf	33.48770999908447	OFF	3	19	C3(48)	2	75	109.9
mf	33.48771286010742	ON	3	26	G3(55)	2	107	14.9
mf	33.487715005874634	ON	4	12	C5(72)	2	115	4.9
mf	33.48771810531616	ON	1	26	G3(55)	3	104	18.3
mf	33.48771905899048	ON	2	0	C4(60)	3	111	11.6
mf	33.48772120475769	ON	2	12	C5(72)	3	115	6.6
mf	33.54280400276184	ON	4	2	D4(62)	2	107	14.9
mf	33.54280996322632	ON	3	23	E3(52)	2	115	6.6
mf	33.54281210899353	ON	1	23	E3(52)	3	115	4.9
mf	33.595499992370605	OFF	4	2	D4(62)	2	82	51.6
mf	33.96782994270325	OFF	2	0	C4(60)	3	77	71.6
mf	33.9678418636322	OFF	4	0	C4(60)	2	98	24.9
mf	34.07551717758179	OFF	3	26	G3(55)	2	97	26.6
mf	34.075567960739136	OFF	1	26	G3(55)	3	82	53.3
mf	34.075571060180664	OFF	3	23	E3(52)	2	79	61.6
mf	34.07557392120361	OFF	1	23	E3(52)	3	75	181.5
mf	34.12761902809143	ON	4	4	E4(64)	2	112	9.9
mf	34.127625942230225	ON	3	26	G3(55)	2	114	8.3
mf	34.12762784957886	ON	1	26	G3(55)	3	112	9.9
mf	34.127630949020386	ON	3	19	C3(48)	2	115	6.6
mf	34.1276330947876	ON	2	4	E4(64)	3	109	13.3
mf	34.12763500213623	ON	1	19	C3(48)	3	114	8.3
mf	34.440650939941406	OFF	1	19	C3(48)	3	75	301.5
mf	34.54891610145569	OFF	3	19	C3(48)	2	75	164.9
mf	34.60084104537964	OFF	2	4	E4(64)	3	75	329.8
mf	34.60085105895996	OFF	4	4	E4(64)	2	103	19.9
mf	34.60085391998291	OFF	3	26	G3(55)	2	82	51.6
mf	34.60085701942444	OFF	1	26	G3(55)	3	76	76.6
mf	34.6537561416626	ON	3	26	G3(55)	2	109	13.3
mf	34.65376591682434	OFF	2	12	C5(72)	3	75	128.2
mf	34.653769969940186	ON	1	26	G3(55)	3	104	18.3
mf	34.653772830963135	OFF	4	12	C5(72)	2	97	26.6
mf	34.70832085609436	ON	3	30	B3(59)	2	115	6.6
mf	34.708340883255005	ON	1	30	B3(59)	3	114	8.3
mf	34.70834493637085	ON	4	7	G4(67)	2	115	3.3
mf	34.70834803581238	ON	2	7	G4(67)	3	115	3.3
mf	34.70835089683533	ON	4	2	D4(62)	2	114	8.3
mf	34.70836114883423	ON	2	2	D4(62)	3	112	9.9
mf	34.97573208808899	ON	4	9	A4(69)	2	115	4.9
mf	34.975741147994995	ON	2	9	A4(69)	3	114	8.3
mf	34.975743770599365	OFF	2	2	D4(62)	3	75	178.2
mf	34.97574591636658	OFF	4	2	D4(62)	2	98	24.9
mf	35.07828187942505	OFF	4	7	G4(67)	2	88	39.9
mf	35.078291177749634	OFF	2	7	G4(67)	3	80	56.6
mf	35.18393301963806	OFF	3	26	G3(55)	2	100	23.3
mf	35.1839439868927	OFF	1	26	G3(55)	3	85	46.6
mf	35.23432111740112	ON	3	23	E3(52)	2	115	4.9
mf	35.28660178184509	ON	4	11	B4(71)	2	115	3.3
mf	35.28661298751831	ON	1	23	E3(52)	3	115	6.6
mf	35.28665494918823	ON	2	11	B4(71)	3	115	4.9
mf	35.28665900230408	ON	4	7	G4(67)	2	115	3.3
mf	35.28666305541992	ON	2	7	G4(67)	3	115	3.3
mf	35.339017152786255	OFF	4	9	A4(69)	2	98	24.9
mf	35.339028120040894	OFF	2	9	A4(69)	3	75	209.9
mf	35.82038378715515	ON	4	4	E4(64)	2	91	34.9
mf	35.820395946502686	OFF	3	23	E3(52)	2	107	14.9
mf	35.82039999961853	ON	3	28	A3(57)	2	106	16.6
mf	35.82040476799011	ON	1	28	A3(57)	3	101	21.6
mf	35.82040786743164	OFF	1	23	E3(52)	3	79	61.6
mf	35.820412158966064	ON	2	4	E4(64)	3	100	23.3
mf	35.87158012390137	ON	4	12	C5(72)	2	111	11.6
mf	35.87159204483032	ON	2	12	C5(72)	3	112	9.9
mf	35.87159490585327	OFF	4	11	B4(71)	2	112	9.9
mf	35.8715980052948	OFF	2	11	B4(71)	3	75	569.7
mf	35.92529606819153	OFF	2	7	G4(67)	3	75	501.4
mf	35.925312995910645	OFF	4	7	G4(67)	2	75	179.9
mf	36.13834500312805	ON	4	11	B4(71)	2	115	1.6
mf	36.13836312294006	ON	2	11	B4(71)	3	115	3.3
mf	36.1893310546875	OFF	4	12	C5(72)	2	79	59.9
mf	36.2442409992218	OFF	2	12	C5(72)	3	76	76.6
mf	36.29545593261719	OFF	2	4	E4(64)	3	75	299.8
mf	36.29546499252319	OFF	1	30	B3(59)	3	75	258.2
mf	36.29546785354614	OFF	3	30	B3(59)	2	97	26.6
mf	36.29547095298767	OFF	4	4	E4(64)	2	92	33.3
mf	36.40136003494263	ON	3	21	D3(50)	2	90	36.6
mf	36.40137004852295	ON	1	21	D3(50)	3	85	44.9
mf	36.40137314796448	ON	4	9	A4(69)	2	115	3.3
mf	36.40137577056885	ON	2	9	A4(69)	3	115	6.6
mf	36.401378870010376	OFF	3	28	A3(57)	2	100	23.3
mf	36.40138101577759	OFF	1	28	A3(57)	3	76	74.9
mf	36.4013831615448	ON	4	2	D4(62)	2	114	8.3
mf	36.45653486251831	ON	2	2	D4(62)	3	112	9.9
mf	36.51105499267578	OFF	4	11	B4(71)	2	87	41.6
mf	36.5110650062561	OFF	2	11	B4(71)	3	75	266.5
mf	36.56182384490967	OFF	3	21	D3(50)	2	100	23.3
mf	36.6170699596405	OFF	1	21	D3(50)	3	92	33.3
mf	36.66772699356079	ON	4	0	C4(60)	2	112	9.9
mf	36.66774010658264	ON	2	0	C4(60)	3	109	13.3
mf	36.77665305137634	OFF	4	2	D4(62)	2	101	21.6
mf	36.776660203933716	OFF	2	2	D4(62)	3	75	213.2
mf	36.932926177978516	ON	3	26	G3(55)	2	106	16.6
mf	36.93293619155884	ON	1	26	G3(55)	3	97	26.6
mf	36.93293881416321	ON	3	30	B3(59)	2	112	9.9
mf	36.932941913604736	ON	1	30	B3(59)	3	109	13.3
mf	36.989267110824585	ON	4	7	G4(67)	2	115	3.3
mf	36.989278078079224	ON	2	7	G4(67)	3	115	1.6
mf	37.04104495048523	OFF	4	0	C4(60)	2	106	16.6
mf	37.09540796279907	OFF	2	0	C4(60)	3	85	46.6
mf	37.09541702270508	OFF	4	9	A4(69)	2	103	19.9
mf	37.095420122146606	OFF	2	9	A4(69)	3	88	39.9
mf	37.579742193222046	ON	3	28	A3(57)	2	82	51.6
mf	37.57975387573242	ON	1	28	A3(57)	3	87	41.6
mf	37.57975888252258	ON	4	4	E4(64)	2	96	28.3
mf	37.57976317405701	ON	4	12	C5(72)	2	114	8.3
mf	37.580240964889526	ON	2	12	C5(72)	3	112	9.9
mf	37.63541388511658	ON	2	4	E4(64)	3	106	16.6
mf	37.686614990234375	OFF	3	30	B3(59)	2	101	21.6
mf	37.686625957489014	OFF	2	7	G4(67)	3	75	683.0
mf	37.68662905693054	OFF	1	30	B3(59)	3	75	498.1
mf	37.68663311004639	OFF	4	7	G4(67)	2	89	38.3
mf	37.68663477897644	OFF	3	26	G3(55)	2	101	21.6
mf	37.68663787841797	OFF	1	26	G3(55)	3	88	39.9
mf	38.10994291305542	OFF	2	12	C5(72)	3	75	141.6
mf	38.109955072402954	OFF	4	12	C5(72)	2	92	33.3
mf	38.16086387634277	OFF	2	4	E4(64)	3	75	413.1
mf	38.16087603569031	ON	3	26	G3(55)	2	79	59.9
mf	38.16088008880615	ON	1	26	G3(55)	3	75	93.2
mf	38.16088318824768	OFF	4	4	E4(64)	2	89	38.3
mf	38.211514949798584	ON	4	4	E4(64)	2	97	26.6
mf	38.21152710914612	ON	4	11	B4(71)	2	115	3.3
mf	38.21152997016907	ON	2	11	B4(71)	3	115	4.9
mf	38.21153283119202	ON	2	4	E4(64)	3	112	9.9
mf	38.21153497695923	ON	3	23	E3(52)	2	114	8.3
mf	38.21153712272644	ON	1	23	E3(52)	3	115	6.6
mf	38.26205515861511	OFF	3	28	A3(57)	2	98	24.9
mf	38.26207184791565	OFF	1	28	A3(57)	3	75	104.9
mf	38.63128304481506	OFF	4	11	B4(71)	2	96	28.3
mf	38.63129687309265	OFF	2	11	B4(71)	3	75	386.5
mf	38.631325006484985	OFF	4	4	E4(64)	2	103	19.9
mf	38.685258865356445	OFF	2	4	E4(64)	3	75	93.2
mf	38.78655505180359	ON	4	9	A4(69)	2	115	4.9
mf	38.78656601905823	ON	4	0	C4(60)	2	115	6.6
mf	38.78657078742981	ON	2	9	A4(69)	3	114	8.3
mf	38.78657507896423	ON	1	24	F3(53)	3	78	64.9
mf	38.78657913208008	ON	3	24	F3(53)	2	79	61.6
mf	38.78658199310303	ON	2	0	C4(60)	3	114	8.3
mf	38.839986085891724	OFF	3	23	E3(52)	2	103	19.9
mf	38.83999705314636	OFF	1	23	E3(52)	3	75	238.2
mf	38.839998960494995	OFF	3	26	G3(55)	2	91	34.9
mf	38.840001821517944	OFF	1	26	G3(55)	3	84	48.3
mf	39.314237117767334	ON	3	23	E3(52)	2	115	6.6
mf	39.36593198776245	ON	1	23	E3(52)	3	115	6.6
mf	39.36594605445862	OFF	4	9	A4(69)	2	97	26.6
mf	39.36595177650452	OFF	2	9	A4(69)	3	75	81.6
mf	39.36595797538757	ON	4	7	G4(67)	2	115	3.3
mf	39.365962982177734	ON	2	7	G4(67)	3	115	3.3
mf	39.365967988967896	ON	3	19	C3(48)	2	115	6.6
mf	39.41646099090576	ON	1	19	C3(48)	3	114	8.3
mf	39.41646981239319	OFF	3	24	F3(53)	2	75	103.2
mf	39.41647410392761	OFF	1	24	F3(53)	3	75	121.6
mf	39.41647696495056	OFF	1	19	C3(48)	3	106	16.6
mf	39.892642974853516	ON	3	16	A2(45)	2	88	39.9
mf	39.94357705116272	ON	1	16	A2(45)	3	109	13.3
mf	39.943583965301514	ON	4	9	A4(69)	2	115	6.6
mf	39.94358587265015	ON	2	9	A4(69)	3	112	9.9
mf	39.943588972091675	OFF	3	19	C3(48)	2	75	574.7
mf	40.04782509803772	OFF	2	7	G4(67)	3	76	76.6
mf	40.047832012176514	OFF	4	7	G4(67)	2	100	23.3
mf	40.09854698181152	OFF	4	9	A4(69)	2	107	14.9
mf	40.1491539478302	OFF	4	0	C4(60)	2	101	21.6
mf	40.149165868759155	OFF	2	0	C4(60)	3	84	48.3
mf	40.14917016029358	OFF	2	9	A4(69)	3	88	39.9
mf	40.14917492866516	OFF	1	23	E3(52)	3	75	99.9
mf	40.2023138999939	OFF	3	23	E3(52)	2	77	69.9
mf	40.41557288169861	ON	3	21	D3(50)	2	75	79.9
mf	40.41558313369751	ON	1	21	D3(50)	3	75	91.6
mf	40.517277002334595	OFF	1	16	A2(45)	3	75	449.8
mf	40.51728916168213	ON	3	24	F3(53)	2	112	9.9
mf	40.56820893287659	OFF	3	16	A2(45)	2	77	69.9
mf	40.568222999572754	ON	1	24	F3(53)	3	107	14.9
mf	40.56822991371155	ON	3	28	A3(57)	2	75	94.9
mf	40.56823492050171	ON	1	28	A3(57)	3	96	28.3
mf	40.56823992729187	ON	4	5	F4(65)	2	106	16.6
mf	40.62336802482605	ON	2	5	F4(65)	3	104	18.3
mf	40.833970069885254	ON	4	4	E4(64)	2	114	8.3
mf	40.833980083465576	ON	2	4	E4(64)	3	112	9.9
mf	40.941898822784424	OFF	4	5	F4(65)	2	106	16.6
mf	40.94190812110901	OFF	3	24	F3(53)	2	96	28.3
mf	40.94190979003906	OFF	1	24	F3(53)	3	76	73.3
mf	40.94191288948059	OFF	2	5	F4(65)	3	83	49.9
mf	41.049922943115234	OFF	4	4	E4(64)	2	109	13.3
mf	41.04993796348572	OFF	2	4	E4(64)	3	75	88.2
mf	41.049943923950195	OFF	3	21	D3(50)	2	91	34.9
mf	41.049949169158936	OFF	1	21	D3(50)	3	80	58.3
mf	41.10380506515503	ON	3	14	G2(43)	2	85	44.9
mf	41.103814125061035	ON	1	14	G2(43)	3	107	14.9
mf	41.103816986083984	ON	3	26	G3(55)	2	112	9.9
mf	41.15744090080261	ON	1	26	G3(55)	3	111	11.6
mf	41.157450914382935	ON	4	4	E4(64)	2	114	8.3
mf	41.15745496749878	ON	2	4	E4(64)	3	111	11.6
mf	41.317338943481445	ON	4	2	D4(62)	2	109	13.3
mf	41.31735301017761	ON	2	2	D4(62)	3	107	14.9
mf	41.37037777900696	OFF	3	28	A3(57)	2	100	23.3
mf	41.37038803100586	OFF	1	28	A3(57)	3	75	123.2
mf	41.47657108306885	OFF	4	4	E4(64)	2	104	18.3
mf	41.47657799720764	OFF	2	4	E4(64)	3	75	89.9
mf	41.8485369682312	OFF	3	26	G3(55)	2	97	26.6
mf	41.84854698181152	OFF	1	26	G3(55)	3	85	46.6
mf	42.16775703430176	OFF	1	14	G2(43)	3	75	299.8
mf	42.167765855789185	OFF	3	14	G2(43)	2	75	274.8
mf	42.21834206581116	ON	3	19	C3(48)	2	115	6.6
mf	42.21835517883301	ON	1	19	C3(48)	3	115	6.6
mf	42.32300615310669	ON	3	23	E3(52)	2	114	8.3
mf	42.32301616668701	ON	1	23	E3(52)	3	115	6.6
mf	42.3740770816803	ON	4	0	C4(60)	2	115	6.6
mf	42.42872905731201	ON	2	0	C4(60)	3	112	9.9
mf	42.480116844177246	OFF	4	2	D4(62)	2	106	16.6
mf	42.480127811431885	OFF	2	2	D4(62)	3	82	53.3
mf	43.22870492935181	OFF	1	19	C3(48)	3	75	987.9
mf	43.27959203720093	OFF	1	23	E3(52)	3	75	91.6
mf	43.27960419654846	OFF	3	23	E3(52)	2	89	38.3
mf	43.279608964920044	OFF	3	19	C3(48)	2	75	99.9
mf	43.44486117362976	OFF	2	0	C4(60)	3	75	118.2
mf	43.44486689567566	OFF	4	0	C4(60)	2	80	56.6
mf	43.55087614059448	ON	4	0	C4(60)	2	107	14.9
mf	43.55089092254639	ON	3	19	C3(48)	2	115	3.3
mf	43.55089712142944	ON	2	0	C4(60)	3	106	16.6
mf	43.55090284347534	ON	1	19	C3(48)	3	115	4.9
mf	43.550907135009766	ON	3	23	E3(52)	2	115	4.9
mf	43.55091190338135	ON	1	23	E3(52)	3	115	4.9
mf	43.924880027770996	OFF	1	19	C3(48)	3	75	303.2
mf	44.032536029815674	OFF	3	19	C3(48)	2	75	148.2
mf	44.032546043395996	OFF	1	23	E3(52)	3	75	178.2
mf	44.08462715148926	OFF	3	23	E3(52)	2	85	46.6
mf	44.08463907241821	OFF	4	0	C4(60)	2	98	24.9
mf	44.08464288711548	OFF	2	0	C4(60)	3	78	66.6
mf	44.13554406166077	ON	4	7	G4(67)	2	115	3.3
mf	44.13555693626404	ON	2	7	G4(67)	3	115	3.3
mf	44.13556385040283	ON	3	23	E3(52)	2	114	8.3
mf	44.13557004928589	ON	4	0	C4(60)	2	104	18.3
mf	44.13557481765747	ON	1	23	E3(52)	3	115	6.6
mf	44.13558006286621	ON	3	19	C3(48)	2	115	1.6
mf	44.13558483123779	ON	1	19	C3(48)	3	115	3.3
mf	44.13559007644653	ON	2	0	C4(60)	3	114	8.3
mf	44.567970991134644	OFF	4	0	C4(60)	2	97	26.6
mf	44.6224889755249	OFF	2	0	C4(60)	3	76	78.3
mf	44.62250089645386	OFF	2	7	G4(67)	3	75	136.6
mf	44.622503995895386	OFF	4	7	G4(67)	2	92	33.3
mf	44.6727499961853	ON	4	4	E4(64)	2	103	19.9
mf	44.67276096343994	ON	4	0	C4(60)	2	115	4.9
mf	44.67276406288147	OFF	1	19	C3(48)	3	75	441.4
mf	44.67276692390442	ON	2	0	C4(60)	3	100	23.3
mf	44.67277002334595	ON	3	16	A2(45)	2	112	9.9
mf	44.67277193069458	ON	4	9	A4(69)	2	115	4.9
mf	44.67277503013611	ON	2	9	A4(69)	3	112	9.9
mf	44.67277717590332	ON	1	16	A2(45)	3	114	8.3
mf	44.672778844833374	ON	2	4	E4(64)	3	94	29.9
mf	44.72787404060364	OFF	1	23	E3(52)	3	75	203.2
mf	44.72788190841675	OFF	3	23	E3(52)	2	88	39.9
mf	44.72788596153259	OFF	3	19	C3(48)	2	75	166.6
mf	45.15073299407959	OFF	4	9	A4(69)	2	106	16.6
mf	45.15074396133423	OFF	2	9	A4(69)	3	85	46.6
mf	45.15074706077576	OFF	2	0	C4(60)	3	78	63.3
mf	45.150750160217285	OFF	2	4	E4(64)	3	75	114.9
mf	45.15075182914734	OFF	4	0	C4(60)	2	90	36.6
mf	45.15075397491455	OFF	4	4	E4(64)	2	101	21.6
mf	45.25672698020935	ON	3	18	B2(47)	2	112	9.9
mf	45.25673699378967	ON	1	18	B2(47)	3	112	9.9
mf	45.256738901138306	ON	3	30	B3(59)	2	115	6.6
mf	45.25674104690552	ON	4	2	D4(62)	2	114	8.3
mf	45.256744146347046	ON	1	30	B3(59)	3	114	8.3
mf	45.2567458152771	ON	4	7	G4(67)	2	115	1.6
mf	45.25674796104431	ON	2	7	G4(67)	3	115	1.6
mf	45.30761790275574	ON	2	2	D4(62)	3	112	9.9
mf	45.30762791633606	OFF	1	16	A2(45)	3	75	188.2
mf	45.30763006210327	OFF	3	16	A2(45)	2	100	23.3
mf	45.51991581916809	ON	3	19	C3(48)	2	115	6.6
mf	45.51992583274841	ON	1	19	C3(48)	3	115	6.6
mf	45.62866020202637	OFF	1	18	B2(47)	3	75	121.6
mf	45.62866711616516	OFF	3	18	B2(47)	2	75	129.9
mf	45.679616928100586	OFF	2	2	D4(62)	3	75	393.1
mf	45.73093008995056	OFF	4	2	D4(62)	2	87	41.6
mf	45.73093891143799	OFF	1	30	B3(59)	3	75	133.2
mf	45.73096799850464	OFF	3	30	B3(59)	2	96	28.3
mf	45.78117489814758	ON	4	6	F#4(66)	2	106	16.6
mf	45.78118705749512	ON	2	6	F#4(66)	3	106	16.6
mf	45.781189918518066	OFF	2	7	G4(67)	3	75	321.5
mf	45.78119492530823	ON	4	2	D4(62)	2	111	11.6
mf	45.83377695083618	ON	3	28	A3(57)	2	107	14.9
mf	45.833789110183716	OFF	4	7	G4(67)	2	106	16.6
mf	45.83379292488098	ON	1	28	A3(57)	3	104	18.3
mf	45.83379602432251	ON	3	21	D3(50)	2	106	16.6
mf	45.83379912376404	ON	2	2	D4(62)	3	109	13.3
mf	45.83380198478699	ON	1	21	D3(50)	3	103	19.9
mf	45.88428211212158	OFF	1	19	C3(48)	3	75	291.5
mf	45.88429617881775	OFF	3	19	C3(48)	2	103	19.9
mf	46.04178285598755	ON	4	0	C4(60)	2	109	13.3
mf	46.09599804878235	ON	2	0	C4(60)	3	109	13.3
mf	46.14676809310913	OFF	1	28	A3(57)	3	75	96.6
mf	46.14677691459656	OFF	3	28	A3(57)	2	91	34.9
mf	46.35484313964844	ON	3	14	G2(43)	2	96	28.3
mf	46.40652298927307	ON	1	14	G2(43)	3	106	16.6
mf	46.40653204917908	OFF	4	0	C4(60)	2	100	23.3
mf	46.40653395652771	OFF	2	0	C4(60)	3	80	56.6
mf	46.45855402946472	ON	3	26	G3(55)	2	115	6.6
mf	46.45857095718384	ON	1	26	G3(55)	3	112	9.9
mf	46.5094690322876	OFF	3	21	D3(50)	2	87	41.6
mf	46.5094780921936	OFF	1	21	D3(50)	3	85	44.9
mf	46.50948119163513	OFF	2	2	D4(62)	3	75	594.7
mf	46.5094838142395	OFF	4	2	D4(62)	2	96	28.3
mf	46.562110900878906	ON	3	30	B3(59)	2	111	11.6
mf	46.56212592124939	OFF	4	6	F#4(66)	2	107	14.9
mf	46.562132835388184	ON	1	30	B3(59)	3	109	13.3
mf	46.562180042266846	OFF	2	6	F#4(66)	3	89	38.3
mf	46.6668918132782	ON	4	7	G4(67)	2	115	3.3
mf	46.66690707206726	ON	2	7	G4(67)	3	115	3.3
mf	47.62786912918091	OFF	3	26	G3(55)	2	103	19.9
mf	47.62787699699402	OFF	1	26	G3(55)	3	90	36.6
mf	47.73144006729126	OFF	3	14	G2(43)	2	98	24.9
mf	47.731451988220215	OFF	1	14	G2(43)	3	84	48.3
mf	47.731454849243164	OFF	2	7	G4(67)	3	75	494.8
mf	47.73145890235901	OFF	3	30	B3(59)	2	101	21.6
mf	47.73146104812622	OFF	1	30	B3(59)	3	75	83.3
mf	47.73146295547485	OFF	4	7	G4(67)	2	78	66.6
mf	47.94292402267456	ON	4	0	C4(60)	2	109	13.3
mf	47.94292998313904	ON	3	23	E3(52)	2	112	9.9
mf	47.94293284416199	ON	1	23	E3(52)	3	114	8.3
mf	47.9429349899292	ON	2	0	C4(60)	3	111	11.6
mf	47.99434208869934	ON	3	16	A2(45)	2	111	11.6
mf	47.99434995651245	ON	1	16	A2(45)	3	111	11.6
mf	48.416030168533325	OFF	1	23	E3(52)	3	75	176.5
mf	48.41604018211365	OFF	3	23	E3(52)	2	84	48.3
mf	48.52063202857971	ON	3	18	B2(47)	2	97	26.6
mf	48.52064299583435	ON	1	18	B2(47)	3	106	16.6
mf	48.57564902305603	ON	4	2	D4(62)	2	101	21.6
mf	48.57565712928772	OFF	1	16	A2(45)	3	75	478.1
mf	48.57565879821777	OFF	3	16	A2(45)	2	101	21.6
mf	48.5756618976593	ON	4	7	G4(67)	2	115	3.3
mf	48.575664043426514	ON	2	7	G4(67)	3	115	3.3
mf	48.57566595077515	ON	3	26	G3(55)	2	115	4.9
mf	48.57566809654236	ON	1	26	G3(55)	3	115	4.9
mf	48.57567000389099	ON	2	2	D4(62)	3	100	23.3
mf	48.940765142440796	OFF	2	7	G4(67)	3	75	106.6
mf	48.9955108165741	OFF	2	0	C4(60)	3	76	76.6
mf	48.995529890060425	OFF	4	0	C4(60)	2	94	29.9
mf	48.99553394317627	OFF	4	7	G4(67)	2	93	31.6
mf	48.9955370426178	OFF	2	2	D4(62)	3	75	301.5
mf	48.99553918838501	OFF	4	2	D4(62)	2	97	26.6
mf	49.04564690589905	ON	4	0	C4(60)	2	114	8.3
mf	49.045652866363525	ON	2	0	C4(60)	3	93	31.6
mf	49.045655965805054	ON	4	4	E4(64)	2	112	9.9
mf	49.10048985481262	ON	4	7	G4(67)	2	115	3.3
mf	49.10049796104431	ON	2	7	G4(67)	3	115	3.3
mf	49.10050082206726	ON	2	4	E4(64)	3	111	11.6
mf	49.10050296783447	ON	3	19	C3(48)	2	115	3.3
mf	49.100504875183105	ON	1	19	C3(48)	3	115	3.3
mf	49.15105199813843	OFF	3	18	B2(47)	2	75	99.9
mf	49.205737829208374	OFF	1	18	B2(47)	3	75	116.6
mf	49.205748081207275	OFF	3	26	G3(55)	2	92	33.3
mf	49.25985097885132	OFF	1	26	G3(55)	3	82	51.6
mf	49.477550983428955	OFF	2	7	G4(67)	3	75	128.2
mf	49.53022599220276	OFF	4	7	G4(67)	2	92	33.3
mf	49.53024101257324	OFF	4	4	E4(64)	2	104	18.3
mf	49.530248165130615	OFF	2	4	E4(64)	3	75	104.9
mf	49.5302529335022	OFF	4	0	C4(60)	2	97	26.6
mf	49.53025817871094	OFF	2	0	C4(60)	3	76	76.6
mf	49.580405950546265	OFF	1	19	C3(48)	3	75	404.8
mf	49.580421924591064	ON	4	0	C4(60)	2	109	13.3
mf	49.58042883872986	ON	3	24	F3(53)	2	100	23.3
mf	49.5804340839386	ON	2	0	C4(60)	3	109	13.3
mf	49.58043885231018	ON	1	24	F3(53)	3	94	29.9
mf	49.63166308403015	OFF	3	19	C3(48)	2	77	71.6
mf	49.63167095184326	ON	4	9	A4(69)	2	115	4.9
mf	49.631675004959106	ON	2	9	A4(69)	3	115	6.6
mf	49.631678104400635	ON	4	5	F4(65)	2	114	8.3
mf	49.63167977333069	ON	2	5	F4(65)	3	115	6.6
mf	49.89847683906555	ON	3	23	E3(52)	2	115	6.6
mf	49.89849305152893	ON	1	23	E3(52)	3	114	8.3
mf	50.005181074142456	OFF	3	24	F3(53)	2	75	148.2
mf	50.005199909210205	OFF	1	24	F3(53)	3	75	86.6
mf	50.005204916000366	OFF	2	0	C4(60)	3	78	66.6
mf	50.00520896911621	OFF	4	0	C4(60)	2	94	29.9
mf	50.00521111488342	OFF	4	5	F4(65)	2	101	21.6
mf	50.05972194671631	OFF	2	5	F4(65)	3	81	54.9
mf	50.059731006622314	OFF	2	9	A4(69)	3	76	76.6
mf	50.059733867645264	OFF	4	9	A4(69)	2	97	26.6
mf	50.11249399185181	ON	4	2	D4(62)	2	106	16.6
mf	50.166276931762695	ON	2	2	D4(62)	3	106	16.6
mf	50.16628694534302	ON	4	5	F4(65)	2	112	9.9
mf	50.16629099845886	ON	2	5	F4(65)	3	114	8.3
mf	50.16629385948181	ON	3	21	D3(50)	2	112	9.9
mf	50.166297912597656	ON	4	11	B4(71)	2	115	1.6
mf	50.16630005836487	ON	1	21	D3(50)	3	109	13.3
mf	50.1663031578064	ON	2	11	B4(71)	3	115	3.3
mf	50.216768980026245	OFF	3	23	E3(52)	2	90	36.6
mf	50.26712894439697	OFF	1	23	E3(52)	3	79	59.9
mf	50.590737104415894	OFF	4	5	F4(65)	2	101	21.6
mf	50.590747117996216	OFF	2	5	F4(65)	3	79	59.9
mf	50.59082508087158	ON	3	16	A2(45)	2	107	14.9
mf	50.590835094451904	ON	1	16	A2(45)	3	111	11.6
mf	50.64272093772888	OFF	2	2	D4(62)	3	75	313.2
mf	50.64272904396057	OFF	4	2	D4(62)	2	100	23.3
mf	50.64273190498352	OFF	2	11	B4(71)	3	75	479.8
mf	50.64273500442505	OFF	4	11	B4(71)	2	75	81.6
mf	50.693278074264526	OFF	3	21	D3(50)	2	94	29.9
mf	50.693289041519165	OFF	1	21	D3(50)	3	93	31.6
mf	50.69329595565796	ON	3	23	E3(52)	2	115	3.3
mf	50.74472498893738	ON	1	23	E3(52)	3	115	4.9
mf	50.744734048843384	ON	4	0	C4(60)	2	111	11.6
mf	50.74473690986633	ON	3	28	A3(57)	2	106	16.6
mf	50.798290967941284	ON	2	0	C4(60)	3	107	14.9
mf	50.79830312728882	ON	1	28	A3(57)	3	97	26.6
mf	50.849631786346436	ON	4	4	E4(64)	2	88	39.9
mf	50.84964108467102	ON	2	4	E4(64)	3	89	38.3
mf	50.903059005737305	ON	4	12	C5(72)	2	115	6.6
mf	50.90306901931763	ON	2	12	C5(72)	3	114	8.3
mf	52.301640033721924	OFF	4	0	C4(60)	2	94	29.9
mf	52.30165219306946	OFF	2	0	C4(60)	3	75	511.4
mf	52.30165696144104	OFF	2	4	E4(64)	3	75	99.9
mf	52.35245895385742	OFF	4	4	E4(64)	2	101	21.6
mf	52.352468967437744	OFF	3	23	E3(52)	2	101	21.6
mf	52.35247302055359	OFF	1	16	A2(45)	3	75	666.4
mf	52.352477073669434	OFF	3	16	A2(45)	2	104	18.3
mf	52.35247993469238	OFF	1	23	E3(52)	3	75	424.8
mf	52.352481842041016	OFF	3	28	A3(57)	2	96	28.3
mf	52.352484941482544	OFF	1	28	A3(57)	3	75	101.6
mf	52.40533685684204	OFF	4	12	C5(72)	2	104	18.3
mf	52.4053521156311	OFF	2	12	C5(72)	3	75	88.2
